{
  "useful": true,
  "diag": {
    "all_finite": true,
    "mass_N0": 2.999999999999765,
    "mass_NT": 3.0000000000019247,
    "mass_drift_rel": 7.198686091670078e-13,
    "u_max_abs": 2.1330661453796815,
    "N_max": 2.249690351169864,
    "N_min": 1.1200960070206537e-25,
    "phi_max_abs": 7.5,
    "bounded": true,
    "N0_max": 2.24229288427805,
    "NT_max": 2.2349256875936154,
    "amp_ratio": 0.9967144360417455,
    "m_norm_T": 0.17805476890687835,
    "nphi_norm_T": 1.2213691962644393,
    "m_rel_T": 0.14578292088212091,
    "n_peaks_T": 1,
    "n_padding_steps": 0,
    "useful": true
  }
}