{
  "useful": false,
  "diag": {
    "all_finite": true,
    "mass_v0": 2.999997786340916,
    "mass_vT": 2.9999977863409075,
    "mass_drift_rel": 2.8125670710719452e-15,
    "u_max": 12.809561356059472,
    "v_max": 1.598513241829229,
    "bounded": false,
    "useful": false,
    "reason": "non-finite or unbounded"
  }
}