{
  "useful": true,
  "diag": {
    "all_finite": true,
    "mass_v0": 2.999997786340916,
    "mass_vT": 2.999997786340916,
    "mass_drift_rel": 0.0,
    "u_max": 2.63814807885389,
    "v_max": 1.4985361093968357,
    "bounded": true,
    "vT_max": 0.5080683992776218,
    "vT_min": -0.08459249668317846,
    "n_dominant_peaks_vT": 1,
    "useful": true
  }
}