{
  "useful": true,
  "diag": {
    "all_finite": true,
    "mass_v0": 3.9999970484545546,
    "mass_vT": 3.9999970484545546,
    "mass_drift_rel": 0.0,
    "u_max": 3.099098244126097,
    "v_max": 1.9980481458624475,
    "bounded": true,
    "vT_max": 0.5191534500935726,
    "vT_min": -0.10309839214831597,
    "n_dominant_peaks_vT": 1,
    "useful": true
  }
}