{
  "useful": false,
  "diag": {
    "all_finite": true,
    "mass_v0": 3.9999999926838457,
    "mass_vT": 3.9999999926838465,
    "mass_drift_rel": 2.220446053311595e-16,
    "u_max": 6.149142486386016,
    "v_max": 2.115446737372404,
    "bounded": true,
    "v0_max": 1.9969513439139424,
    "vT_max": 0.6360950306596969,
    "amp_ratio": 0.3185330642122591,
    "n_dominant_peaks_vT": 1,
    "useful": false,
    "reason": "amp ratio 0.32 < 0.5"
  }
}