{
  "method": "E1: Madelung-Psi Strang + spectral RK4 on m (no MUSCL, no dealias)",
  "Nx": 256,
  "dt": 0.001,
  "T": 8.0,
  "n_snapshots": 17,
  "blew_up": false,
  "wall_seconds": 0.8165891170501709,
  "times": [
    0.0,
    0.5,
    1.0,
    1.5,
    2.0,
    2.5,
    3.0,
    3.5,
    4.0,
    4.5,
    5.0,
    5.5,
    6.0,
    6.5,
    7.0,
    7.5,
    8.0
  ],
  "mass": [
    1.9999985242272773,
    1.9999985242273959,
    1.9999985242274962,
    1.9999985242275853,
    1.999998524227666,
    1.9999985242277418,
    1.9999985242278098,
    1.9999985242278764,
    1.9999985242279368,
    1.999998524228002,
    1.9999985242280682,
    1.9999985242281368,
    1.999998524228219,
    1.9999985242283134,
    1.9999985242284088,
    1.9999985242285108,
    1.999998524228625
  ],
  "mnorm": [
    3.5900690772501864,
    3.5736816685102917,
    3.5434619876145965,
    3.527460077143902,
    3.523496468646855,
    3.5237965266876254,
    3.5299992286521595,
    3.5394146590279316,
    3.5372772233127368,
    3.5300387826925603,
    3.531001324391649,
    3.535637704258323,
    3.5459920317377382,
    3.56098827976593,
    3.5741993201561253,
    3.5850390292209777,
    3.613846133301122
  ],
  "peak_amp": [
    0.9990240729312236,
    0.9986636405968757,
    0.9995840371189035,
    0.9979028194531404,
    0.9998027090549781,
    0.9972377457025959,
    0.9999949616171001,
    0.9980543541306549,
    0.9990285820266674,
    0.9993505278043543,
    0.9988645046490657,
    1.0000221430685232,
    0.9976763485569202,
    1.0005096724101046,
    0.9974153886652583,
    0.9995516163321275,
    0.998682148916492
  ],
  "peak_pos": [
    -7.96875,
    -7.734375,
    -7.3828125,
    -7.1484375,
    -6.796875,
    -6.4453125,
    -6.2109375,
    -5.859375,
    -5.625,
    -5.2734375,
    -5.0390625,
    -4.6875,
    -4.453125,
    -4.1015625,
    -3.75,
    -3.515625,
    -3.1640625
  ],
  "u_max": [
    1.0,
    1.23106659567626,
    1.3337889965405778,
    1.3301501806442628,
    1.3307077151469837,
    1.3383017352087911,
    1.327286444877449,
    1.3436031698931914,
    1.3332908779665698,
    1.4364423995800495,
    1.3754738347605961,
    1.3921253281420995,
    1.3361994468396046,
    1.3502530524371688,
    1.28764545125706,
    1.36046807721142,
    1.3232651423019377
  ]
}