{
  "method": "E2: MUSCL-Godunov SSP-RK3 on u + Madelung-Psi Strang (NO dealias)",
  "Nx": 256,
  "dt": 0.0005,
  "T": 8.0,
  "n_snapshots": 17,
  "blew_up": false,
  "wall_seconds": 3.390048027038574,
  "times": [
    0.0,
    0.5,
    1.0,
    1.5,
    2.0,
    2.5,
    3.0,
    3.5,
    4.0,
    4.5,
    5.0,
    5.5,
    6.0,
    6.5,
    7.0,
    7.5,
    8.0
  ],
  "mass": [
    1.9999983407442787,
    1.9999983407444437,
    1.9999983407445923,
    1.9999983407447117,
    1.9999983407448172,
    1.9999983407449111,
    1.9999983407449957,
    1.9999983407450757,
    1.999998340745138,
    1.9999983407451951,
    1.9999983407452673,
    1.999998340745342,
    1.9999983407454258,
    1.9999983407455348,
    1.9999983407456623,
    1.9999983407458075,
    1.9999983407459658
  ],
  "mnorm": [
    3.5818992802515117,
    3.5788316692331765,
    3.5772966791991188,
    3.571327586579844,
    3.5617438067836087,
    3.5509774527168485,
    3.5396749111485177,
    3.52802843366285,
    3.516146330734253,
    3.5041153201978448,
    3.492060948373838,
    3.4800955714390405,
    3.4682402299354105,
    3.4564201834317387,
    3.4444863500318825,
    3.4323312476363075,
    3.4199674636865356
  ],
  "peak_amp": [
    0.9992526918623483,
    0.9992483420560943,
    0.9980615722527088,
    1.0001530645616445,
    0.9967922327616332,
    1.0003505141657612,
    0.9978688745184484,
    0.9993105704689906,
    0.9984923809682437,
    0.9989193409070017,
    1.0000197066412346,
    0.9981189736231837,
    1.0005042768699457,
    0.99732189992362,
    0.9999469053802009,
    0.9979750300097018,
    0.9992114241240218
  ],
  "peak_pos": [
    -8.02734375,
    -7.67578125,
    -7.44140625,
    -7.08984375,
    -6.85546875,
    -6.50390625,
    -6.15234375,
    -5.91796875,
    -5.56640625,
    -5.33203125,
    -4.98046875,
    -4.74609375,
    -4.39453125,
    -4.04296875,
    -3.80859375,
    -3.45703125,
    -3.22265625
  ],
  "u_min": [
    0.0,
    0.0,
    0.0,
    0.0,
    0.0,
    0.0,
    0.0,
    0.0,
    0.0,
    0.0,
    0.0,
    0.0,
    0.0,
    0.0,
    0.0,
    0.0,
    0.0
  ],
  "u_max": [
    1.0,
    1.0,
    1.0,
    1.0,
    1.0,
    1.0,
    1.0,
    1.0,
    1.0,
    1.0,
    0.9999999999999998,
    0.9999999999999988,
    0.9999999999999928,
    0.9999999999999486,
    0.9999999999996516,
    0.9999999999993319,
    0.9999999999990121
  ],
  "u_TV": [
    2.0,
    2.0,
    2.0,
    2.0,
    2.0,
    2.0,
    2.0,
    2.0,
    2.0,
    2.0,
    1.9999999999999998,
    1.9999999999999976,
    1.9999999999999856,
    1.999999999999897,
    1.9999999999993034,
    1.999999999998664,
    1.9999999999980245
  ],
  "u_high1_3_ratio_T": 0.00013856207329241771,
  "N_high1_3_ratio_T": 2.379241885124822e-09
}