{
  "method": "E3: MUSCL-Godunov SSP-RK3 on u + Madelung-Psi Strang + 2/3 dealias (full S7 stack)",
  "Nx": 256,
  "L": 30.0,
  "dt": 0.0005,
  "T": 8.0,
  "kappa": 1.0,
  "phi_x_boost": 0.6,
  "n_snapshots": 17,
  "blew_up": false,
  "wall_seconds": 3.588275909423828,
  "times": [
    0.0,
    0.5,
    1.0,
    1.5,
    2.0,
    2.5,
    3.0,
    3.5,
    4.0,
    4.5,
    5.0,
    5.5,
    6.0,
    6.5,
    7.0,
    7.5,
    8.0
  ],
  "mass": [
    1.9999983407442787,
    1.9999983042182008,
    1.999998304218336,
    1.9999983042183724,
    1.999998304218472,
    1.999998304218481,
    1.9999983042185456,
    1.9999983042185447,
    1.9999983042185576,
    1.9999983042185796,
    1.9999983042185763,
    1.9999983042186091,
    1.999998304218623,
    1.9999983042186884,
    1.9999983042187488,
    1.9999983042188287,
    1.9999983042189593
  ],
  "mnorm": [
    3.5818992802515117,
    3.578831786905876,
    3.577296456203493,
    3.5713274914433826,
    3.561743686506849,
    3.550977365929428,
    3.539674851548506,
    3.5280283667823205,
    3.516146283780105,
    3.5041151890827598,
    3.4920608957583124,
    3.480095481288142,
    3.4682401476038587,
    3.456420098118161,
    3.444486260951519,
    3.4323311931869274,
    3.419967363651616
  ],
  "energy_NLS": [
    0.02668683657448301,
    0.026677848065155607,
    0.02667784815835228,
    0.02667784805481188,
    0.026677848084944444,
    0.026677848105640334,
    0.026677848013858196,
    0.02667784812261953,
    0.026677848026742,
    0.026677848089706968,
    0.02667784797788253,
    0.026677848014915573,
    0.026677848080622013,
    0.02667784792981087,
    0.02667784803359563,
    0.02667784800375783,
    0.026677848040882024
  ],
  "peak_amp": [
    0.9992526918623483,
    0.9992491312606837,
    0.9981048466926338,
    1.0001365721210207,
    0.9967123352310865,
    1.0004106310816063,
    0.9978996553370042,
    0.999376389137362,
    0.9984804502456732,
    0.9989220866103026,
    0.9999264054290763,
    0.9981502287193529,
    1.000422647659336,
    0.9972422412700417,
    0.999971925585944,
    0.9979835504225932,
    0.9992349765428054
  ],
  "peak_pos": [
    -8.02734375,
    -7.67578125,
    -7.44140625,
    -7.08984375,
    -6.85546875,
    -6.50390625,
    -6.15234375,
    -5.91796875,
    -5.56640625,
    -5.33203125,
    -4.98046875,
    -4.74609375,
    -4.39453125,
    -4.04296875,
    -3.80859375,
    -3.45703125,
    -3.22265625
  ],
  "u_min": [
    0.0,
    0.0,
    0.0,
    0.0,
    0.0,
    0.0,
    0.0,
    0.0,
    0.0,
    0.0,
    0.0,
    0.0,
    0.0,
    0.0,
    0.0,
    0.0,
    0.0
  ],
  "u_max": [
    1.0,
    1.0,
    1.0,
    1.0,
    1.0,
    1.0,
    1.0,
    1.0,
    1.0,
    1.0,
    0.9999999999999998,
    0.9999999999999988,
    0.9999999999999928,
    0.9999999999999486,
    0.9999999999996516,
    0.9999999999993319,
    0.9999999999990121
  ],
  "u_TV": [
    2.0,
    2.0,
    2.0,
    2.0,
    2.0,
    2.0,
    2.0,
    2.0,
    2.0,
    2.0,
    1.9999999999999998,
    1.9999999999999976,
    1.9999999999999856,
    1.999999999999897,
    1.9999999999993034,
    1.999999999998664,
    1.9999999999980245
  ],
  "u_high1_3_ratio_T": 0.00013856207329241771,
  "N_high1_3_ratio_T": 3.416906289676255e-11
}