{
  "useful": true,
  "diag": {
    "all_finite": true,
    "mass_v0": 2.999997786340916,
    "mass_vT": 2.999997786340921,
    "mass_drift_rel": 1.6283283043048105e-15,
    "u_max": 2.7074384772993274,
    "v_max": 1.4985361093968357,
    "bounded": true,
    "vT_max": 0.505539011933654,
    "vT_min": -0.08622888505807089,
    "n_dominant_peaks_vT": 1,
    "useful": true
  }
}