{
  "useful": true,
  "diag": {
    "all_finite": true,
    "mass_N0": 2.999999999999765,
    "mass_NT": 3.0000000000017,
    "mass_drift_rel": 6.449655624389582e-13,
    "u_max_abs": 1.1248443614393515,
    "N_max": 2.249687761203152,
    "N_min": 1.1200960070206537e-25,
    "phi_max_abs": 3.141528859410213,
    "bounded": true,
    "N0_max": 2.24229288427805,
    "NT_max": 2.2349225642859145,
    "amp_ratio": 0.9967130431337438,
    "m_norm_T": 0.6940878205158189,
    "nphi_norm_T": 1.2675786352174614,
    "m_rel_T": 0.547569832144373,
    "n_peaks_T": 1,
    "n_padding_steps": 0,
    "useful": true
  }
}