{
  "round": 1,
  "T": 12.0,
  "dt": 0.00025,
  "Nx": 256,
  "A": 0.8,
  "ICs": {
    "G_gauss": {
      "vmax_late": 0.4581799601209229,
      "npeaks_v_late": 1,
      "fracL_v_late": 0.9975582876011698,
      "lock_late": 0.39232162980443075,
      "coherent": false,
      "blew_up": false,
      "vmax0": 0.7999877930618818,
      "L2_v0": 1.2665867896689276
    },
    "S_sech2": {
      "vmax_late": 0.4223846481136502,
      "npeaks_v_late": 1,
      "fracL_v_late": 0.9992768086067555,
      "lock_late": 0.4672562336190538,
      "coherent": false,
      "blew_up": false,
      "vmax0": 0.7999782990035638,
      "L2_v0": 1.1313708498984747
    },
    "N_noise": {
      "vmax_late": 5.2687138449941955,
      "npeaks_v_late": 31,
      "fracL_v_late": 0.06972450882150191,
      "lock_late": 0.06887853454801755,
      "coherent": false,
      "blew_up": true,
      "vmax0": 3.767746529725251,
      "L2_v0": 4.381780460041329
    },
    "P2_twopulse": {
      "vmax_late": 0.6705291515914498,
      "npeaks_v_late": 2,
      "fracL_v_late": 0.9963821740695759,
      "lock_late": 0.44435315556626054,
      "coherent": true,
      "blew_up": false,
      "vmax0": 0.7998209475605055,
      "L2_v0": 1.4491221553415834
    },
    "K_sin": {
      "vmax_late": 5.044425177509269,
      "npeaks_v_late": 18,
      "fracL_v_late": 0.24659075633566874,
      "lock_late": 0.07217913492395377,
      "coherent": false,
      "blew_up": true,
      "vmax0": 0.8,
      "L2_v0": 3.098386676965933
    }
  }
}