{
  "round": 3,
  "T": 12.0,
  "A_base": 0.6,
  "ICs": {
    "sigma0.00": {
      "sigma": 0.0,
      "vmax_late": 0.3044990842988189,
      "npeaks_v_late": 1,
      "fracL_v_late": 0.9993101791832883,
      "fracH_v_late": 7.606956543608236e-06,
      "fracH_v_max": 1.8474748070115855e-05,
      "lock_late": 0.5799082720825509,
      "coherent": true,
      "blew_up": false
    },
    "sigma0.05": {
      "sigma": 0.05,
      "vmax_late": 0.3126162898170377,
      "npeaks_v_late": 10,
      "fracL_v_late": 0.9933362715868349,
      "fracH_v_late": 0.0057548640108035,
      "fracH_v_max": 0.006024514521270149,
      "lock_late": 0.5771601743111618,
      "coherent": false,
      "blew_up": false
    },
    "sigma0.10": {
      "sigma": 0.1,
      "vmax_late": 0.330128917263714,
      "npeaks_v_late": 13,
      "fracL_v_late": 0.9713574665923487,
      "fracH_v_late": 0.027511379465459826,
      "fracH_v_max": 0.028644506454976095,
      "lock_late": 0.5592585251296132,
      "coherent": false,
      "blew_up": false
    },
    "sigma0.15": {
      "sigma": 0.15,
      "vmax_late": 0.33322045938839834,
      "npeaks_v_late": 14,
      "fracL_v_late": 0.929261306007156,
      "fracH_v_late": 0.06690855596547765,
      "fracH_v_max": 0.06958961551551125,
      "lock_late": 0.5831229373723364,
      "coherent": false,
      "blew_up": false
    },
    "sigma0.20": {
      "sigma": 0.2,
      "vmax_late": 0.36817907821543105,
      "npeaks_v_late": 12,
      "fracL_v_late": 0.8507804718130791,
      "fracH_v_late": 0.1454761328347457,
      "fracH_v_max": 0.15104256396712987,
      "lock_late": 0.6036823153876717,
      "coherent": false,
      "blew_up": false
    },
    "sigma0.30": {
      "sigma": 0.3,
      "vmax_late": 0.4372742777354104,
      "npeaks_v_late": 14,
      "fracL_v_late": 0.7683413110248254,
      "fracH_v_late": 0.21838443179913067,
      "fracH_v_max": 0.22343417060875595,
      "lock_late": 0.38340362567279573,
      "coherent": false,
      "blew_up": false
    },
    "sigma0.40": {
      "sigma": 0.4,
      "vmax_late": 0.4262814958377363,
      "npeaks_v_late": 14,
      "fracL_v_late": 0.6726130244686108,
      "fracH_v_late": 0.29185043318362675,
      "fracH_v_max": 0.30143487865087465,
      "lock_late": 0.4462453122607379,
      "coherent": false,
      "blew_up": false
    },
    "sigma0.60": {
      "sigma": 0.6,
      "vmax_late": 0.7150056848164712,
      "npeaks_v_late": 15,
      "fracL_v_late": 0.661470484760678,
      "fracH_v_late": 0.3013026671058655,
      "fracH_v_max": 0.37771465484517136,
      "lock_late": 0.10837638683286119,
      "coherent": false,
      "blew_up": false
    },
    "sigma0.80": {
      "sigma": 0.8,
      "vmax_late": 0.9055108755902018,
      "npeaks_v_late": 12,
      "fracL_v_late": 0.544620971767905,
      "fracH_v_late": 0.26854766002434194,
      "fracH_v_max": 0.46757599888408524,
      "lock_late": 0.1291448629810422,
      "coherent": false,
      "blew_up": false
    }
  },
  "sigma_c": 0.05,
  "phase_table": [
    [
      0.0,
      true,
      false,
      1,
      0.9993101791832883
    ],
    [
      0.05,
      false,
      false,
      10,
      0.9933362715868349
    ],
    [
      0.1,
      false,
      false,
      13,
      0.9713574665923487
    ],
    [
      0.15,
      false,
      false,
      14,
      0.929261306007156
    ],
    [
      0.2,
      false,
      false,
      12,
      0.8507804718130791
    ],
    [
      0.3,
      false,
      false,
      14,
      0.7683413110248254
    ],
    [
      0.4,
      false,
      false,
      14,
      0.6726130244686108
    ],
    [
      0.6,
      false,
      false,
      15,
      0.661470484760678
    ],
    [
      0.8,
      false,
      false,
      12,
      0.544620971767905
    ]
  ]
}