{
  "useful": true,
  "diag": {
    "all_finite": true,
    "mass_v0": 10.634723105433096,
    "mass_vT": 10.6347231054331,
    "mass_drift_rel": 3.34067341817812e-16,
    "u_max": 14.469945414362478,
    "v_max": 4.4233311729429845,
    "bounded": true,
    "v0_max": 3.9972882460057573,
    "vT_max": 4.4233311729429845,
    "n_dominant_peaks_vT": 14,
    "peak_separations": [
      17,
      18,
      25,
      18,
      12,
      25,
      18,
      31,
      19,
      18,
      14,
      11,
      20
    ],
    "useful": true
  }
}