{
  "useful": true,
  "diag": {
    "all_finite": true,
    "mass_N0": 2.999999999999765,
    "mass_NT": 3.0000000000040705,
    "mass_drift_rel": 1.4351482964988981e-12,
    "u_max_abs": 1.124845450992889,
    "N_max": 2.2496901826632443,
    "N_min": 1.1200960070206537e-25,
    "phi_max_abs": 23.08524049115561,
    "bounded": true,
    "N0_max": 2.24229288427805,
    "NT_max": 2.234925741631473,
    "amp_ratio": 0.9967144601411209,
    "m_norm_T": 0.09331062804383329,
    "nphi_norm_T": 1.0647561964785224,
    "m_rel_T": 0.08763567505166005,
    "n_peaks_T": 1,
    "n_padding_steps": 0,
    "useful": true
  }
}