{
  "useful": false,
  "diag": {
    "all_finite": true,
    "mass_v0": 10.634723105433096,
    "mass_vT": 10.634723105433096,
    "mass_drift_rel": 0.0,
    "u_max": 30.038753038916578,
    "v_max": 3.9972882460057573,
    "bounded": false,
    "useful": false,
    "reason": "non-finite or unbounded"
  }
}