{
  "useful": false,
  "diag": {
    "all_finite": true,
    "mass_v0": 10.634723105433096,
    "mass_vT": 10.634723105433144,
    "mass_drift_rel": 4.509909114540462e-15,
    "u_max": 19.951046544694126,
    "v_max": 4.668638209585172,
    "bounded": false,
    "useful": false,
    "reason": "non-finite or unbounded"
  }
}