{
  "useful": false,
  "diag": {
    "all_finite": true,
    "mass_v0": 2.999997786340916,
    "mass_vT": 2.999997786340906,
    "mass_drift_rel": 3.256656608609621e-15,
    "u_max": 8.544891542604736,
    "v_max": 1.4985361093968357,
    "bounded": true,
    "vT_max": 0.882212815502913,
    "vT_min": -0.5877980531503705,
    "n_dominant_peaks_vT": 5,
    "useful": false,
    "reason": "u_max 8.54 too large (bore blew up)"
  }
}