{
  "T_final": 4.0,
  "Nx": 256,
  "dt": 0.0001,
  "nu": 0.05,
  "UL_LIST": [
    0.5,
    1.0,
    1.5,
    2.0
  ],
  "A_LIST": [
    0.5,
    1.0,
    1.5,
    2.0
  ],
  "elapsed_sec": 351.8409757614136,
  "sol_only": {
    "A0.5": {
      "v_peak": 0.2971309743293479,
      "n_peaks": 3,
      "v_centroid": 4.254840254317462,
      "v_retention": 0.5942619486586957,
      "bore_height": 0.20791180192664294,
      "bore_TV": 2.0518089063505274,
      "m_l2": 0.47121493025430494,
      "mass_v": 0.9999999976878797,
      "diverged": false,
      "uL": 0.0,
      "A": 0.5
    },
    "A1.0": {
      "v_peak": 0.4812269356276853,
      "n_peaks": 4,
      "v_centroid": 10.420588374967867,
      "v_retention": 0.4812269356276853,
      "bore_height": 0.8917095401697583,
      "bore_TV": 3.783644069395187,
      "m_l2": 1.191843126639765,
      "mass_v": 1.9999999953757606,
      "diverged": false,
      "uL": 0.0,
      "A": 1.0
    },
    "A1.5": {
      "v_peak": 0.6226516318821983,
      "n_peaks": 1,
      "v_centroid": -8.836879975966992,
      "v_retention": 0.41510108792146555,
      "bore_height": 1.37254012219739,
      "bore_TV": 4.772273144639609,
      "m_l2": 1.6794721553414242,
      "mass_v": 2.9999999930636303,
      "diverged": false,
      "uL": 0.0,
      "A": 1.5
    },
    "A2.0": {
      "v_peak": 0.6779128718865443,
      "n_peaks": 1,
      "v_centroid": -6.741269439134089,
      "v_retention": 0.3389564359432721,
      "bore_height": 1.4688462217025717,
      "bore_TV": 6.252093465083454,
      "m_l2": 1.9774809686518755,
      "mass_v": 3.9999999907515136,
      "diverged": false,
      "uL": 0.0,
      "A": 2.0
    }
  },
  "bore_only": {
    "uL0.5": {
      "v_peak": 0.0,
      "n_peaks": 0,
      "v_centroid": 0.0,
      "v_retention": 0.0,
      "bore_height": 0.5020979628652914,
      "bore_TV": 1.1403712134136,
      "m_l2": 1.3044754630203326,
      "mass_v": 0.0,
      "diverged": false,
      "uL": 0.5,
      "A": 0.0
    },
    "uL1.0": {
      "v_peak": 0.0,
      "n_peaks": 0,
      "v_centroid": 0.0,
      "v_retention": 0.0,
      "bore_height": 1.045834982765049,
      "bore_TV": 3.79218069398991,
      "m_l2": 2.427961892343788,
      "mass_v": 0.0,
      "diverged": false,
      "uL": 1.0,
      "A": 0.0
    },
    "uL1.5": {
      "v_peak": 0.0,
      "n_peaks": 0,
      "v_centroid": 0.0,
      "v_retention": 0.0,
      "bore_height": 1.4847439972952137,
      "bore_TV": 7.967374059940448,
      "m_l2": 3.3533574229125716,
      "mass_v": 0.0,
      "diverged": false,
      "uL": 1.5,
      "A": 0.0
    },
    "uL2.0": {
      "v_peak": 0.0,
      "n_peaks": 0,
      "v_centroid": 0.0,
      "v_retention": 0.0,
      "bore_height": 1.664581121801387,
      "bore_TV": 11.038073222034361,
      "m_l2": 4.175731735332051,
      "mass_v": 0.0,
      "diverged": false,
      "uL": 2.0,
      "A": 0.0
    }
  },
  "interactions": {
    "uL0.5_A0.5": {
      "v_peak": 0.3111096293968515,
      "n_peaks": 3,
      "v_centroid": 4.206110470633744,
      "v_retention": 0.622219258793703,
      "bore_height": 0.5662752223572306,
      "bore_TV": 2.468905911859954,
      "m_l2": 1.393261225412268,
      "mass_v": 0.9999999976878781,
      "diverged": false,
      "uL": 0.5,
      "A": 0.5,
      "classification": "ambiguous"
    },
    "uL0.5_A1.0": {
      "v_peak": 0.5362648799760498,
      "n_peaks": 4,
      "v_centroid": 10.339805409484507,
      "v_retention": 0.5362648799760498,
      "bore_height": 0.8632883128219242,
      "bore_TV": 4.199053367161235,
      "m_l2": 1.7765136771282235,
      "mass_v": 1.9999999953757548,
      "diverged": false,
      "uL": 0.5,
      "A": 1.0,
      "classification": "ambiguous"
    },
    "uL0.5_A1.5": {
      "v_peak": 0.5982038591517208,
      "n_peaks": 1,
      "v_centroid": -8.641708791190947,
      "v_retention": 0.3988025727678139,
      "bore_height": 1.4122833828217187,
      "bore_TV": 4.817577806655409,
      "m_l2": 2.2704273928541663,
      "mass_v": 2.9999999930636303,
      "diverged": false,
      "uL": 0.5,
      "A": 1.5,
      "classification": "fusion"
    },
    "uL0.5_A2.0": {
      "v_peak": 0.5494414229905752,
      "n_peaks": 1,
      "v_centroid": -6.71587947577599,
      "v_retention": 0.2747207114952876,
      "bore_height": 1.62497577171538,
      "bore_TV": 6.3265979298793775,
      "m_l2": 2.8546582298980447,
      "mass_v": 3.9999999907515096,
      "diverged": false,
      "uL": 0.5,
      "A": 2.0,
      "classification": "fusion"
    },
    "uL1.0_A0.5": {
      "v_peak": 0.3113795216611521,
      "n_peaks": 3,
      "v_centroid": 4.0131072464020265,
      "v_retention": 0.6227590433223043,
      "bore_height": 1.017056571687452,
      "bore_TV": 4.781298911535012,
      "m_l2": 2.4141603622285404,
      "mass_v": 0.9999999976878788,
      "diverged": false,
      "uL": 1.0,
      "A": 0.5,
      "classification": "ambiguous"
    },
    "uL1.0_A1.0": {
      "v_peak": 0.5754185243373694,
      "n_peaks": 3,
      "v_centroid": 10.234668461497364,
      "v_retention": 0.5754185243373694,
      "bore_height": 0.9870436715121517,
      "bore_TV": 6.367749041726999,
      "m_l2": 2.6678032004571754,
      "mass_v": 1.9999999953757537,
      "diverged": false,
      "uL": 1.0,
      "A": 1.0,
      "classification": "ambiguous"
    },
    "uL1.0_A1.5": {
      "v_peak": 0.6123360781418676,
      "n_peaks": 1,
      "v_centroid": -8.792522587309438,
      "v_retention": 0.4082240520945784,
      "bore_height": 1.4212470779924011,
      "bore_TV": 6.653965894881207,
      "m_l2": 3.0379871323929786,
      "mass_v": 2.999999993063634,
      "diverged": false,
      "uL": 1.0,
      "A": 1.5,
      "classification": "fusion"
    },
    "uL1.0_A2.0": {
      "v_peak": 0.520578434703889,
      "n_peaks": 1,
      "v_centroid": -6.677940927850361,
      "v_retention": 0.2602892173519445,
      "bore_height": 1.6537635918313303,
      "bore_TV": 14.904556802341945,
      "m_l2": 3.479807019140663,
      "mass_v": 3.9999999907515207,
      "diverged": false,
      "uL": 1.0,
      "A": 2.0,
      "classification": "fusion"
    },
    "uL1.5_A0.5": {
      "v_peak": 0.2991624758959548,
      "n_peaks": 3,
      "v_centroid": 3.9640510632718526,
      "v_retention": 0.5983249517919096,
      "bore_height": 1.4501218893582355,
      "bore_TV": 8.320388618939393,
      "m_l2": 3.2983364609018104,
      "mass_v": 0.999999997687877,
      "diverged": false,
      "uL": 1.5,
      "A": 0.5,
      "classification": "ambiguous"
    },
    "uL1.5_A1.0": {
      "v_peak": 0.5985575025185703,
      "n_peaks": 3,
      "v_centroid": 10.193205199711782,
      "v_retention": 0.5985575025185703,
      "bore_height": 1.4254001349416883,
      "bore_TV": 15.361592658849384,
      "m_l2": 3.443297508527753,
      "mass_v": 1.9999999953757532,
      "diverged": false,
      "uL": 1.5,
      "A": 1.0,
      "classification": "ambiguous"
    },
    "uL1.5_A1.5": {
      "v_peak": 0.6257539352815373,
      "n_peaks": 1,
      "v_centroid": -8.661588538483775,
      "v_retention": 0.41716929018769155,
      "bore_height": 1.5457202275816888,
      "bore_TV": 15.292439524476917,
      "m_l2": 3.586586460390697,
      "mass_v": 2.9999999930636303,
      "diverged": false,
      "uL": 1.5,
      "A": 1.5,
      "classification": "fusion"
    },
    "uL1.5_A2.0": {
      "v_peak": 0.5073623291919208,
      "n_peaks": 1,
      "v_centroid": -6.496192777878411,
      "v_retention": 0.2536811645959604,
      "bore_height": 1.6565605418426157,
      "bore_TV": 15.295809301797146,
      "m_l2": 3.8574228009574143,
      "mass_v": 3.9999999907515136,
      "diverged": false,
      "uL": 1.5,
      "A": 2.0,
      "classification": "fusion"
    },
    "uL2.0_A0.5": {
      "v_peak": 0.2755631224642223,
      "n_peaks": 4,
      "v_centroid": 4.069599928220481,
      "v_retention": 0.5511262449284446,
      "bore_height": 1.8120918819548542,
      "bore_TV": 13.48136380343126,