{
  "T_final": 2.0,
  "Nx": 256,
  "dt": 0.0001,
  "nu": 0.05,
  "X0_SOL": -5.0,
  "X0_BORE": 7.0,
  "UL_LIST": [
    0.0,
    0.5,
    1.5
  ],
  "A_LIST": [
    0.3,
    0.6,
    0.9,
    1.2,
    1.5,
    1.8,
    2.1,
    2.5
  ],
  "elapsed_sec": 146.8450207710266,
  "sol_only": {
    "A0.3": {
      "v_peak": 0.18778402462329033,
      "n_peaks": 4,
      "v_centroid": -5.062327711799811,
      "bore_height": 0.10538806408252771,
      "bore_TV": 1.2442970275390435,
      "m_l2": 0.21763722621870857,
      "mass_v": 0.5999999989025769,
      "v_retention": 0.6259467487443011,
      "diverged": false,
      "uL": 0.0,
      "A": 0.3
    },
    "A0.6": {
      "v_peak": 0.3837219882091944,
      "n_peaks": 2,
      "v_centroid": -3.930736977290193,
      "bore_height": 0.24198780949828622,
      "bore_TV": 1.9338331764991112,
      "m_l2": 0.41332476979033456,
      "mass_v": 1.1999999978051514,
      "v_retention": 0.639536647015324,
      "diverged": false,
      "uL": 0.0,
      "A": 0.6
    },
    "A0.9": {
      "v_peak": 0.599751344727025,
      "n_peaks": 1,
      "v_centroid": -2.1355663967362575,
      "bore_height": 0.6826181973356411,
      "bore_TV": 2.737633443749639,
      "m_l2": 0.8007738693232745,
      "mass_v": 1.7999999967077294,
      "v_retention": 0.6663903830300277,
      "diverged": false,
      "uL": 0.0,
      "A": 0.9
    },
    "A1.2": {
      "v_peak": 0.8149856992719691,
      "n_peaks": 1,
      "v_centroid": -0.10851952898898665,
      "bore_height": 1.3144852708760155,
      "bore_TV": 3.6793553044235106,
      "m_l2": 1.1985696047290082,
      "mass_v": 2.3999999956103086,
      "v_retention": 0.6791547493933076,
      "diverged": false,
      "uL": 0.0,
      "A": 1.2
    },
    "A1.5": {
      "v_peak": 0.9670948672148663,
      "n_peaks": 1,
      "v_centroid": 1.877043741674349,
      "bore_height": 1.924900722003871,
      "bore_TV": 5.074562139686317,
      "m_l2": 1.5222344269987516,
      "mass_v": 2.999999994512881,
      "v_retention": 0.6447299114765775,
      "diverged": false,
      "uL": 0.0,
      "A": 1.5
    },
    "A1.8": {
      "v_peak": 1.0379995550112113,
      "n_peaks": 1,
      "v_centroid": 3.435486073101978,
      "bore_height": 2.2540648462474064,
      "bore_TV": 7.208425554694108,
      "m_l2": 1.7639364870889724,
      "mass_v": 3.5999999934154645,
      "v_retention": 0.576666419450673,
      "diverged": false,
      "uL": 0.0,
      "A": 1.8
    },
    "A2.1": {
      "v_peak": 0.9417463238309727,
      "n_peaks": 1,
      "v_centroid": 4.283597889772128,
      "bore_height": 2.464296598009038,
      "bore_TV": 9.451509630164109,
      "m_l2": 1.9432199930753173,
      "mass_v": 4.19999999231804,
      "v_retention": 0.44845063039570127,
      "diverged": false,
      "uL": 0.0,
      "A": 2.1
    },
    "A2.5": {
      "v_peak": 0.942026586056653,
      "n_peaks": 1,
      "v_centroid": 4.563861501469694,
      "bore_height": 2.4860041992617816,
      "bore_TV": 10.70979274078326,
      "m_l2": 2.1021635339265092,
      "mass_v": 4.9999999908548105,
      "v_retention": 0.3768106344226612,
      "diverged": false,
      "uL": 0.0,
      "A": 2.5
    }
  },
  "interactions": {
    "uL0.0_A0.3": {
      "v_peak": 0.18778402462329033,
      "n_peaks": 4,
      "v_centroid": -5.062327711799811,
      "bore_height": 0.10538806408252771,
      "bore_TV": 1.2442970275390435,
      "m_l2": 0.21763722621870857,
      "mass_v": 0.5999999989025769,
      "v_retention": 0.6259467487443011,
      "diverged": false,
      "uL": 0.0,
      "A": 0.3
    },
    "uL0.0_A0.6": {
      "v_peak": 0.3837219882091944,
      "n_peaks": 2,
      "v_centroid": -3.930736977290193,
      "bore_height": 0.24198780949828622,
      "bore_TV": 1.9338331764991112,
      "m_l2": 0.41332476979033456,
      "mass_v": 1.1999999978051514,
      "v_retention": 0.639536647015324,
      "diverged": false,
      "uL": 0.0,
      "A": 0.6
    },
    "uL0.0_A0.9": {
      "v_peak": 0.599751344727025,
      "n_peaks": 1,
      "v_centroid": -2.1355663967362575,
      "bore_height": 0.6826181973356411,
      "bore_TV": 2.737633443749639,
      "m_l2": 0.8007738693232745,
      "mass_v": 1.7999999967077294,
      "v_retention": 0.6663903830300277,
      "diverged": false,
      "uL": 0.0,
      "A": 0.9
    },
    "uL0.0_A1.2": {
      "v_peak": 0.8149856992719691,
      "n_peaks": 1,
      "v_centroid": -0.10851952898898665,
      "bore_height": 1.3144852708760155,
      "bore_TV": 3.6793553044235106,
      "m_l2": 1.1985696047290082,
      "mass_v": 2.3999999956103086,
      "v_retention": 0.6791547493933076,
      "diverged": false,
      "uL": 0.0,
      "A": 1.2
    },
    "uL0.0_A1.5": {
      "v_peak": 0.9670948672148663,
      "n_peaks": 1,
      "v_centroid": 1.877043741674349,
      "bore_height": 1.924900722003871,
      "bore_TV": 5.074562139686317,
      "m_l2": 1.5222344269987516,
      "mass_v": 2.999999994512881,
      "v_retention": 0.6447299114765775,
      "diverged": false,
      "uL": 0.0,
      "A": 1.5
    },
    "uL0.0_A1.8": {
      "v_peak": 1.0379995550112113,
      "n_peaks": 1,
      "v_centroid": 3.435486073101978,
      "bore_height": 2.2540648462474064,
      "bore_TV": 7.208425554694108,
      "m_l2": 1.7639364870889724,
      "mass_v": 3.5999999934154645,
      "v_retention": 0.576666419450673,
      "diverged": false,
      "uL": 0.0,
      "A": 1.8
    },
    "uL0.0_A2.1": {
      "v_peak": 0.9417463238309727,
      "n_peaks": 1,
      "v_centroid": 4.283597889772128,
      "bore_height": 2.464296598009038,
      "bore_TV": 9.451509630164109,
      "m_l2": 1.9432199930753173,
      "mass_v": 4.19999999231804,
      "v_retention": 0.44845063039570127,
      "diverged": false,
      "uL": 0.0,
      "A": 2.1
    },
    "uL0.0_A2.5": {
      "v_peak": 0.942026586056653,
      "n_peaks": 1,
      "v_centroid": 4.563861501469694,
      "bore_height": 2.4860041992617816,
      "bore_TV": 10.70979274078326,
      "m_l2": 2.1021635339265092,
      "mass_v": 4.9999999908548105,
      "v_retention": 0.3768106344226612,
      "diverged": false,
      "uL": 0.0,
      "A": 2.5
    },
    "uL0.5_A0.3": {
      "v_peak": 0.1973858928233862,
      "n_peaks": 3,
      "v_centroid": -4.314522194403952,
      "bore_height": 0.5451897119399555,
      "bore_TV": 1.716581140330213,
      "m_l2": 2.3176181834892273,
      "mass_v": 0.5999999989025768,
      "v_retention": 0.657952976077954,
      "diverged": false,
      "uL": 0.5,
      "A": 0.3,
      "classification": "ambiguous"
    },
    "uL0.5_A0.6": {
      "v_peak": 0.3684048113917651,
      "n_peaks": 2,
      "v_centroid": -3.273047004731803,
      "bore_height": 0.7508766980239034,
      "bore_TV": 2.391069938151042,
      "m_l2": 2.3654888815612907,
      "mass_v": 1.1999999978051517,
      "v_retention": 0.6140080189862752,
      "diverged": false,
      "uL": 0.5,
      "A": 0.6,
      "classification": "coherent_stalled"
    },
    "uL0.5_A0.9": {
      "v_peak": 0.4846402172075541,
      "n_peaks": 1,
      "v_centroid": -1.6711749741337243,
      "bore_height": 1.1965558889130055,
      "bore_TV": 3.8834625104028078,
      "m_l2": 2.60755984715614,
      "mass_v": 1.7999999967077296,
      "v_retention": 0.5384891302306157,
      "diverged": false,
      "uL": 0.5,
      "A": 0.9,
      "classification": "coherent_stalled"
    },
    "uL0.5_A1.2": {
      "v_peak": 0.5601357743816472,
      "n_peaks": 1,
      "v_centroid": 0.06164612416044352,
      "bore_height": 1.7701244475749427,
      "bore_TV": 5.91160893897333,
      "m_l2": 2.9850388045171803,
      "mass_v": 2.3999999956103077,
      "v_retention": 0.46677981198470603,
      "diverged": false,
      "uL": 0.5,
      "A": 1.2,
      "classification": "coherent_stalled"
    },
    "uL0.5_A1.5": {
      "v_peak": 0.617450019551055,
      "n_peaks": 1,
      "v_centroid": 1.4958649400604729,
      "bore_height": 2.1631652617280652,
      "bore_TV": 8.424502600013435,