{
  "partA_sol_only": {
    "A0.7": {
      "v_peak": 0.42171020175516166,
      "n_peaks": 1,
      "v_centroid": -3.3736456356096594,
      "bore_height": 0.36548379552472954,
      "bore_TV": 2.1968413952693284,
      "m_l2": 0.5293540794030317,
      "mass_v": 1.3999999974393453,
      "v_retention": 0.6024431453645167,
      "diverged": false,
      "uL": 0.0,
      "A": 0.7,
      "T": 2.0,
      "x0_bore": 7.0,
      "x0_sol": -5.0,
      "bore_w": 0.5
    },
    "A0.85": {
      "v_peak": 0.5511806234402975,
      "n_peaks": 1,
      "v_centroid": -2.456156949603444,
      "bore_height": 0.5961937219156455,
      "bore_TV": 2.6015817617467354,
      "m_l2": 0.7317236403721646,
      "mass_v": 1.699999996890634,
      "v_retention": 0.648447792282703,
      "diverged": false,
      "uL": 0.0,
      "A": 0.85,
      "T": 2.0,
      "x0_bore": 7.0,
      "x0_sol": -5.0,
      "bore_w": 0.5
    },
    "A1.0": {
      "v_peak": 0.6855012957567166,
      "n_peaks": 1,
      "v_centroid": -1.4768717852091486,
      "bore_height": 0.8635901245246403,
      "bore_TV": 3.0060305137286125,
      "m_l2": 0.9375306363876881,
      "mass_v": 1.999999996341922,
      "v_retention": 0.6855012957567166,
      "diverged": false,
      "uL": 0.0,
      "A": 1.0,
      "T": 2.0,
      "x0_bore": 7.0,
      "x0_sol": -5.0,
      "bore_w": 0.5
    },
    "A1.15": {
      "v_peak": 0.783136002636227,
      "n_peaks": 1,
      "v_centroid": -0.45416647321771136,
      "bore_height": 1.1914937540593664,
      "bore_TV": 3.4951429016957056,
      "m_l2": 1.1359266875499026,
      "mass_v": 2.2999999957932062,
      "v_retention": 0.6809878283793278,
      "diverged": false,
      "uL": 0.0,
      "A": 1.15,
      "T": 2.0,
      "x0_bore": 7.0,
      "x0_sol": -5.0,
      "bore_w": 0.5
    },
    "A1.3": {
      "v_peak": 0.8797561718011214,
      "n_peaks": 1,
      "v_centroid": 0.5781060763588567,
      "bore_height": 1.5506150339084759,
      "bore_TV": 4.066000792807383,
      "m_l2": 1.315975772212173,
      "mass_v": 2.5999999952445023,
      "v_retention": 0.6767355167700934,
      "diverged": false,
      "uL": 0.0,
      "A": 1.3,
      "T": 2.0,
      "x0_bore": 7.0,
      "x0_sol": -5.0,
      "bore_w": 0.5
    },
    "A1.45": {
      "v_peak": 0.9529050292361223,
      "n_peaks": 1,
      "v_centroid": 1.5654982774995665,
      "bore_height": 1.8291231046071899,
      "bore_TV": 4.76478502295665,
      "m_l2": 1.4737208638871961,
      "mass_v": 2.899999994695788,
      "v_retention": 0.6571758822318085,
      "diverged": false,
      "uL": 0.0,
      "A": 1.45,
      "T": 2.0,
      "x0_bore": 7.0,
      "x0_sol": -5.0,
      "bore_w": 0.5
    },
    "A1.6": {
      "v_peak": 0.9887987162209753,
      "n_peaks": 1,
      "v_centroid": 2.4641119510692984,
      "bore_height": 2.1267147215525974,
      "bore_TV": 5.965275903381422,
      "m_l2": 1.6120357035249597,
      "mass_v": 3.19999999414708,
      "v_retention": 0.6179991976381095,
      "diverged": false,
      "uL": 0.0,
      "A": 1.6,
      "T": 2.0,
      "x0_bore": 7.0,
      "x0_sol": -5.0,
      "bore_w": 0.5
    },
    "A1.75": {
      "v_peak": 1.0316732952247816,
      "n_peaks": 1,
      "v_centroid": 3.2222588423177134,
      "bore_height": 2.290551146818602,
      "bore_TV": 7.165110140867909,
      "m_l2": 1.728438151385949,
      "mass_v": 3.4999999935983652,
      "v_retention": 0.5895275972713038,
      "diverged": false,
      "uL": 0.0,
      "A": 1.75,
      "T": 2.0,
      "x0_bore": 7.0,
      "x0_sol": -5.0,
      "bore_w": 0.5
    }
  },
  "partA_inter": {
    "uL0.5_A0.7": {
      "v_peak": 0.3839892021559891,
      "n_peaks": 2,
      "v_centroid": -2.7936581615593203,
      "bore_height": 0.8673958951091679,
      "bore_TV": 2.877815257204059,
      "m_l2": 2.4198417026166354,
      "mass_v": 1.3999999974393478,
      "v_retention": 0.5485560030799844,
      "diverged": false,
      "uL": 0.5,
      "A": 0.7,
      "T": 2.0,
      "x0_bore": 7.0,
      "x0_sol": -5.0,
      "bore_w": 0.5,
      "dx_centroid": 0.579987474050339,
      "retention_vs_free": 0.9105523190044313
    },
    "uL0.5_A0.85": {
      "v_peak": 0.45934950580159684,
      "n_peaks": 1,
      "v_centroid": -1.96448927788891,
      "bore_height": 1.1015185430099834,
      "bore_TV": 3.647433105941728,
      "m_l2": 2.5518787304166026,
      "mass_v": 1.699999996890636,
      "v_retention": 0.5404111832959962,
      "diverged": false,
      "uL": 0.5,
      "A": 0.85,
      "T": 2.0,
      "x0_bore": 7.0,
      "x0_sol": -5.0,
      "bore_w": 0.5,
      "dx_centroid": 0.49166767171453385,
      "retention_vs_free": 0.8333919703753019
    },
    "uL0.5_A1.0": {
      "v_peak": 0.5240187109100741,
      "n_peaks": 1,
      "v_centroid": -1.0787542015754934,
      "bore_height": 1.4012068442518937,
      "bore_TV": 4.330747658206488,
      "m_l2": 2.730692203806404,
      "mass_v": 1.9999999963419177,
      "v_retention": 0.5240187109100741,
      "diverged": false,
      "uL": 0.5,
      "A": 1.0,
      "T": 2.0,
      "x0_bore": 7.0,
      "x0_sol": -5.0,
      "bore_w": 0.5,
      "dx_centroid": 0.39811758363365524,
      "retention_vs_free": 0.7644313937169385
    },
    "uL0.5_A1.15": {
      "v_peak": 0.5536096905027694,
      "n_peaks": 1,
      "v_centroid": -0.21328543963251848,
      "bore_height": 1.7104195979905474,
      "bore_TV": 5.334877671360493,
      "m_l2": 2.923033799794809,
      "mass_v": 2.2999999957932116,
      "v_retention": 0.48139973087197346,
      "diverged": false,
      "uL": 0.5,
      "A": 1.15,
      "T": 2.0,
      "x0_bore": 7.0,
      "x0_sol": -5.0,
      "bore_w": 0.5,
      "dx_centroid": 0.2408810335851929,
      "retention_vs_free": 0.7069138548594166
    },
    "uL0.5_A1.3": {
      "v_peak": 0.5754746846435858,
      "n_peaks": 1,
      "v_centroid": 0.5841561971124138,
      "bore_height": 1.899209295987501,
      "bore_TV": 6.5920955183093985,
      "m_l2": 3.105057941521445,
      "mass_v": 2.5999999952445014,
      "v_retention": 0.4426728343412198,
      "diverged": false,
      "uL": 0.5,
      "A": 1.3,
      "T": 2.0,
      "x0_bore": 7.0,
      "x0_sol": -5.0,
      "bore_w": 0.5,
      "dx_centroid": 0.006050120753557153,
      "retention_vs_free": 0.6541297499117495
    },
    "uL0.5_A1.45": {
      "v_peak": 0.6082266498359261,
      "n_peaks": 1,
      "v_centroid": 1.2866197352936852,
      "bore_height": 2.1240180513673805,
      "bore_TV": 8.064597204555795,
      "m_l2": 3.276841030512919,
      "mass_v": 2.899999994695792,
      "v_retention": 0.4194666550592594,
      "diverged": false,
      "uL": 0.5,
      "A": 1.45,
      "T": 2.0,
      "x0_bore": 7.0,
      "x0_sol": -5.0,
      "bore_w": 0.5,
      "dx_centroid": -0.27887854220588126,
      "retention_vs_free": 0.6382867454519566
    },
    "uL0.5_A1.6": {
      "v_peak": 0.6292208928943037,
      "n_peaks": 1,
      "v_centroid": 1.8731602118563753,
      "bore_height": 2.229166031357965,
      "bore_TV": 8.868386520955257,
      "m_l2": 3.4340853700812812,
      "mass_v": 3.1999999941470723,
      "v_retention": 0.3932630580589398,
      "diverged": false,
      "uL": 0.5,
      "A": 1.6,
      "T": 2.0,
      "x0_bore": 7.0,
      "x0_sol": -5.0,
      "bore_w": 0.5,
      "dx_centroid": -0.5909517392129231,
      "retention_vs_free": 0.6363488165711639
    },
    "uL0.5_A1.75": {
      "v_peak": 0.6318313520115519,
      "n_peaks": 1,
      "v_centroid": 2.333032025705919,
      "bore_height": 2.3904167763416977,
      "bore_TV": 10.00365672906381,
      "m_l2": 3.5770158878907776,
      "mass_v": 3.4999999935983666,
      "v_retention": 0.36104648686374397,
      "diverged": false,
      "uL": 0.5,
      "A": 1.75,
      "T": 2.0,
      "x0_bore": 7.0,
      "x0_sol": -5.0,
      "bore_w": 0.5,
      "dx_centroid": -0.8892268166117945,
      "retention_vs_free": 0.6124335629661599
    },
    "uL1.5_A0.7": {
      "v_peak": 0.42620295183541634,
      "n_peaks": 2,