{
  "useful": true,
  "diag": {
    "all_finite": true,
    "mass_v0": 2.999997786340916,
    "mass_vT": 2.9999977863409124,
    "mass_drift_rel": 1.184238766767135e-15,
    "u_max": 2.6468864190313015,
    "v_max": 1.4985361093968357,
    "bounded": true,
    "vT_max": 0.5079346261040018,
    "vT_min": -0.0842208733408158,
    "n_dominant_peaks_vT": 1,
    "useful": true
  }
}