{
  "useful": true,
  "diag": {
    "all_finite": true,
    "mass_v0": 3.9999999926838448,
    "mass_vT": 3.99999999268384,
    "mass_drift_rel": 1.2212453293213772e-15,
    "u_max": 2.5514442682310805,
    "v_max": 1.9969513439288096,
    "bounded": true,
    "v0_max": 1.9969513439288096,
    "vT_max": 1.2976646455640592,
    "amp_ratio": 0.6498228659948364,
    "n_dominant_peaks_vT": 1,
    "useful": true
  }
}