{
  "A_sech2": {
    "vmax_T": 0.3591204161153462,
    "umax_T": 0.761395287401341,
    "lock_T": 0.9705876162558589,
    "m_rms_in_T": 0.25704777873870255,
    "m_rms_out_T": 0.17188960460637037,
    "m_l2_global_T": 1.1576361376072404,
    "lock_max": 0.9705876162558589,
    "elapsed": 45.40963888168335
  },
  "B_gauss": {
    "vmax_T": 0.29280172525420417,
    "umax_T": 0.6914674655462617,
    "lock_T": 0.8213771323764345,
    "m_rms_in_T": 0.22492295312090627,
    "m_rms_out_T": 0.17411847380529863,
    "m_l2_global_T": 1.129328669324627,
    "lock_max": 0.9603446044918551,
    "elapsed": 53.26411175727844
  },
  "C_sub": {
    "vmax_T": 0.08833137586667456,
    "umax_T": 0.08610324324706688,
    "lock_T": 0.22681032204907278,
    "m_rms_in_T": 0.04178993825937406,
    "m_rms_out_T": 0.009511420667813849,
    "m_l2_global_T": 0.19699784899486625,
    "lock_max": 0.5381906759426889,
    "elapsed": 60.892305850982666
  },
  "D_two": {
    "vmax_T": 0.6263491582339907,
    "umax_T": 0.7083890176630949,
    "lock_T": 0.7838973253427913,
    "m_rms_in_T": 0.24464263667187505,
    "m_rms_out_T": 0.24110615538675584,
    "m_l2_global_T": 1.3289504865520976,
    "lock_max": 0.8573602661851761,
    "elapsed": 60.438464879989624
  }
}