{
  "a_sech2_gardner": {
    "vmax_T": 0.3591204161153462,
    "umax_T": 0.761395287401341,
    "alpha_T": 12.309623503437228,
    "alpha_max": 13.633486165431467,
    "alpha_mean_t2_to_T": 7.177746137382796,
    "beta_T": -0.04298981904375773,
    "r2_T": 0.9420403208303999,
    "lock_T": 0.9705876162558589,
    "gard_diff_T": 1.1140921579379333,
    "vGmax_T": 0.8469437401291973,
    "phase_speed_BKdV": 1.4508561235063684,
    "phase_speed_Gardner": 1.9334683821018597
  },
  "b_broadband": {
    "vmax_T": 0.6096098091601232,
    "umax_T": 0.7331183540300784,
    "alpha_T": 2.8610777073139575,
    "alpha_max": 2.8610777073139575,
    "alpha_mean_t2_to_T": 1.3850427005411348,
    "beta_T": -0.16513933342219778,
    "r2_T": 0.08682806583114744,
    "lock_T": 0.29466602421285537,
    "gard_diff_T": 1.89405814402198,
    "vGmax_T": 0.8505103411203224,
    "phase_speed_BKdV": -0.18869034643303187,
    "phase_speed_Gardner": 0.7689024360101264
  },
  "c_boreU_sechV": {
    "vmax_T": 0.2639144843710536,
    "umax_T": 0.7468788231009428,
    "alpha_T": 3.5435024088734934,
    "alpha_max": 14.712323361068947,
    "alpha_mean_t2_to_T": 6.541490207953883,
    "beta_T": 0.28371058393041876,
    "r2_T": 0.028930420069254725,
    "lock_T": 0.17008944716401567,
    "gard_diff_T": 1.129314584719369,
    "vGmax_T": 0.8469437401291973,
    "phase_speed_BKdV": 1.0869335264333706,
    "phase_speed_Gardner": 1.9334683821018597
  }
}