{
  "A_sech2": {
    "name": "A_sech2",
    "t_snap": 10.0,
    "c_est": 1.4508561235063684,
    "rms_m0": 0.25704777873870255,
    "alpha": 12.309623503437228,
    "beta": -0.04298981904375773,
    "r2_lin": 0.9420403208303999,
    "rms_lin": 0.053595305184556186,
    "n_valid": 106,
    "n_total": 106,
    "rms_tw_validregion": 0.11534408296030864,
    "r2_tw": 0.7315501798074611,
    "rms_linleading": 0.1444258438851796,
    "r2_linleading": 0.5791161088303252,
    "v_max_snap": 0.3591204161153462,
    "u_max_snap": 0.761395287401341
  },
  "B_gauss": {
    "name": "B_gauss",
    "t_snap": 10.0,
    "c_est": 1.3852023781775424,
    "rms_m0": 0.22492295312090627,
    "alpha": 13.79508154929331,
    "beta": -0.09809863215077833,
    "r2_lin": 0.6746603935973263,
    "rms_lin": 0.1286902011734978,
    "n_valid": 154,
    "n_total": 154,
    "rms_tw_validregion": 0.12892015866842332,
    "r2_tw": 0.6734966511630447,
    "rms_linleading": 0.13673996979199124,
    "r2_linleading": 0.632686460941021,
    "v_max_snap": 0.29280172525420417,
    "u_max_snap": 0.6914674655462617
  },
  "D_two": {
    "name": "D_two",
    "t_snap": 10.0,
    "c_est": 1.36726337318079,
    "rms_m0": 0.24464263667187505,
    "alpha": 3.4996296614267184,
    "beta": 0.06452951587219975,
    "r2_lin": 0.6144950166883749,
    "rms_lin": 0.13000542467543702,
    "n_valid": 85,
    "n_total": 110,
    "rms_tw_validregion": 0.1544641559719879,
    "r2_tw": 0.13009076373410677,
    "rms_linleading": 0.13294589503884427,
    "r2_linleading": 0.5968590524612583,
    "v_max_snap": 0.6263491582339907,
    "u_max_snap": 0.7083890176630949
  }
}