{
  "A_0.3": {
    "A": 0.3,
    "vmax_T": 0.1518322527215783,
    "umax_T": 0.14897486206247254,
    "lock_T": 0.4830906499102662,
    "lock_max": 0.5637465237473446,
    "alpha_T": 10.09232288507238,
    "r2_T": 0.233376576216499,
    "blew": false
  },
  "A_0.6": {
    "A": 0.6,
    "vmax_T": 0.3069218057950601,
    "umax_T": 0.37761228907573785,
    "lock_T": 0.8160303399139909,
    "lock_max": 0.9017968660817021,
    "alpha_T": 10.51119917206258,
    "r2_T": 0.6659055156737144,
    "blew": false
  },
  "A_1.0": {
    "A": 1.0,
    "vmax_T": 0.3591204161153462,
    "umax_T": 0.761395287401341,
    "lock_T": 0.9705876162558589,
    "lock_max": 0.9705876162558589,
    "alpha_T": 12.309623503437228,
    "r2_T": 0.9420403208303999,
    "blew": false
  },
  "A_1.5": {
    "A": 1.5,
    "vmax_T": 0.3783896958904335,
    "umax_T": 0.6576132501950926,
    "lock_T": 0.7757237330290355,
    "lock_max": 0.9259086136222671,
    "alpha_T": 7.704466086642238,
    "r2_T": 0.6017473099955981,
    "blew": false
  },
  "A_2.0": {
    "A": 2.0,
    "vmax_T": 0.4757037552209872,
    "umax_T": 0.3520823965315636,
    "lock_T": 0.156407247173543,
    "lock_max": 0.9100868754116992,
    "alpha_T": 0.5897056351185163,
    "r2_T": 0.024463227032137103,
    "blew": false
  }
}