{
  "useful": true,
  "diag": {
    "all_finite": true,
    "mass_v0": 10.634723105433096,
    "mass_vT": 10.634723105433102,
    "mass_drift_rel": 5.011010127267179e-16,
    "u_max": 4.554428695411104,
    "v_max": 3.9972882460057573,
    "bounded": true,
    "v0_max": 3.9972882460057573,
    "vT_max": 2.080587423147855,
    "n_dominant_peaks_vT": 10,
    "peak_separations": [
      45,
      33,
      19,
      35,
      20,
      18,
      24,
      13,
      15
    ],
    "useful": true
  }
}