{
  "useful": true,
  "diag": {
    "all_finite": true,
    "mass_v0": 2.999997786340916,
    "mass_vT": 2.999997786340916,
    "mass_drift_rel": 0.0,
    "u_max": 4.9936982284192455,
    "v_max": 1.4985361093968357,
    "bounded": true,
    "vT_max": 0.6194155534996917,
    "vT_min": -0.17550538644377744,
    "n_dominant_peaks_vT": 1,
    "useful": true
  }
}