{
  "useful": false,
  "diag": {
    "all_finite": true,
    "mass_v0": 3.9999999926838457,
    "mass_vT": 3.999999992302037,
    "mass_drift_rel": 9.545220187285083e-11,
    "u_max": 36694286113366.016,
    "v_max": 35728836.77574023,
    "bounded": false,
    "useful": false,
    "reason": "non-finite or unbounded"
  }
}