{
  "useful": true,
  "diag": {
    "all_finite": true,
    "mass_v0": 2.999997786340916,
    "mass_vT": 2.999997786340891,
    "mass_drift_rel": 8.289671367369943e-15,
    "u_max": 3.617425764611803,
    "v_max": 1.4985361093968357,
    "bounded": true,
    "vT_max": 0.636606181049624,
    "vT_min": -0.2397162837563232,
    "n_dominant_peaks_vT": 1,
    "useful": true
  }
}