{
  "round_id": "E2",
  "grid": [
    {
      "u_L": 0.3,
      "A": 0.5,
      "T": 6.0,
      "dt_wall": 30.44241189956665,
      "outcome": {
        "outcome": "transmission",
        "v_peak_end": 0.3947273842255576,
        "v_peak_ratio": 0.7894547684511152,
        "n_peaks": 1,
        "x_peak_end": 12.3046875,
        "u_max_end": 0.5248830132408238,
        "u_min_end": -0.2891411731038891,
        "x_front_end": -4.3359375,
        "t_end": 6.0
      },
      "v_peak_end": 0.3947273842255576,
      "v_peak_ratio": 0.7894547684511152,
      "n_peaks": 1,
      "u_max_end": 0.5248830132408238,
      "u_min_end": -0.2891411731038891
    },
    {
      "u_L": 0.3,
      "A": 1.0,
      "T": 6.0,
      "dt_wall": 31.613658666610718,
      "outcome": {
        "outcome": "ambiguous",
        "v_peak_end": 0.47826853240088313,
        "v_peak_ratio": 0.47826853240088313,
        "n_peaks": 1,
        "x_peak_end": -12.0703125,
        "u_max_end": 1.0990491096401067,
        "u_min_end": -0.4073963928266723,
        "x_front_end": -9.9609375,
        "t_end": 6.0
      },
      "v_peak_end": 0.47826853240088313,
      "v_peak_ratio": 0.47826853240088313,
      "n_peaks": 1,
      "u_max_end": 1.0990491096401067,
      "u_min_end": -0.4073963928266723
    },
    {
      "u_L": 0.3,
      "A": 1.5,
      "T": 6.0,
      "dt_wall": 29.919820070266724,
      "outcome": {
        "outcome": "destruction",
        "v_peak_end": 0.40113070166047626,
        "v_peak_ratio": 0.26742046777365086,
        "n_peaks": 5,
        "x_peak_end": -8.3203125,
        "u_max_end": 1.321531018100754,
        "u_min_end": -0.5423196870170498,
        "x_front_end": -5.5078125,
        "t_end": 6.0
      },
      "v_peak_end": 0.40113070166047626,
      "v_peak_ratio": 0.26742046777365086,
      "n_peaks": 5,
      "u_max_end": 1.321531018100754,
      "u_min_end": -0.5423196870170498
    },
    {
      "u_L": 0.3,
      "A": 2.0,
      "T": 6.0,
      "dt_wall": 30.817505836486816,
      "outcome": {
        "outcome": "destruction",
        "v_peak_end": 0.42962409230903814,
        "v_peak_ratio": 0.21481204615451907,
        "n_peaks": 5,
        "x_peak_end": -7.3828125,
        "u_max_end": 1.7650441337307794,
        "u_min_end": -1.2566442715012907,
        "x_front_end": -3.3984375,
        "t_end": 6.0
      },
      "v_peak_end": 0.42962409230903814,
      "v_peak_ratio": 0.21481204615451907,
      "n_peaks": 5,
      "u_max_end": 1.7650441337307794,
      "u_min_end": -1.2566442715012907
    },
    {
      "u_L": 0.6,
      "A": 0.5,
      "T": 6.0,
      "dt_wall": 28.820939779281616,
      "outcome": {
        "outcome": "transmission",
        "v_peak_end": 0.39457559998661773,
        "v_peak_ratio": 0.7891511999732355,
        "n_peaks": 1,
        "x_peak_end": 12.3046875,
        "u_max_end": 0.6034247565083535,
        "u_min_end": -0.2895736265318608,
        "x_front_end": -1.640625,
        "t_end": 6.0
      },
      "v_peak_end": 0.39457559998661773,
      "v_peak_ratio": 0.7891511999732355,
      "n_peaks": 1,
      "u_max_end": 0.6034247565083535,
      "u_min_end": -0.2895736265318608
    },
    {
      "u_L": 0.6,
      "A": 1.0,
      "T": 6.0,
      "dt_wall": 29.351482152938843,
      "outcome": {
        "outcome": "ambiguous",
        "v_peak_end": 0.47853404912962194,
        "v_peak_ratio": 0.47853404912962194,
        "n_peaks": 1,
        "x_peak_end": -11.953125,
        "u_max_end": 1.0872136547783602,
        "u_min_end": -0.40868042937962634,
        "x_front_end": -9.9609375,
        "t_end": 6.0
      },
      "v_peak_end": 0.47853404912962194,
      "v_peak_ratio": 0.47853404912962194,
      "n_peaks": 1,
      "u_max_end": 1.0872136547783602,
      "u_min_end": -0.40868042937962634
    },
    {
      "u_L": 0.6,
      "A": 1.5,
      "T": 6.0,
      "dt_wall": 29.70379614830017,
      "outcome": {
        "outcome": "destruction",
        "v_peak_end": 0.35405443626909205,
        "v_peak_ratio": 0.23603629084606137,
        "n_peaks": 5,
        "x_peak_end": -7.96875,
        "u_max_end": 1.5113113790968271,
        "u_min_end": -1.4566744678080628,
        "x_front_end": -2.109375,
        "t_end": 6.0
      },
      "v_peak_end": 0.35405443626909205,
      "v_peak_ratio": 0.23603629084606137,
      "n_peaks": 5,
      "u_max_end": 1.5113113790968271,
      "u_min_end": -1.4566744678080628
    },
    {
      "u_L": 0.6,
      "A": 2.0,
      "T": 6.0,
      "dt_wall": 31.077880144119263,
      "outcome": {
        "outcome": "destruction",
        "v_peak_end": 0.4296016457231175,
        "v_peak_ratio": 0.21480082286155874,
        "n_peaks": 5,
        "x_peak_end": -7.03125,
        "u_max_end": 2.503601158180644,
        "u_min_end": -1.0598965644969542,
        "x_front_end": -2.2265625,
        "t_end": 6.0
      },
      "v_peak_end": 0.4296016457231175,
      "v_peak_ratio": 0.21480082286155874,
      "n_peaks": 5,
      "u_max_end": 2.503601158180644,
      "u_min_end": -1.0598965644969542
    },
    {
      "u_L": 1.0,
      "A": 0.5,
      "T": 6.0,
      "dt_wall": 30.59291911125183,
      "outcome": {
        "outcome": "transmission",
        "v_peak_end": 0.391636330317028,
        "v_peak_ratio": 0.783272660634056,
        "n_peaks": 1,
        "x_peak_end": 12.3046875,
        "u_max_end": 1.1453584449079524,
        "u_min_end": -0.2998308742249594,
        "x_front_end": 1.5234375,
        "t_end": 6.0
      },
      "v_peak_end": 0.391636330317028,
      "v_peak_ratio": 0.783272660634056,
      "n_peaks": 1,
      "u_max_end": 1.1453584449079524,
      "u_min_end": -0.2998308742249594
    },
    {
      "u_L": 1.0,
      "A": 1.0,
      "T": 6.0,
      "dt_wall": 30.9965980052948,
      "outcome": {
        "outcome": "ambiguous",
        "v_peak_end": 0.4645870716182063,
        "v_peak_ratio": 0.4645870716182063,
        "n_peaks": 1,
        "x_peak_end": -11.71875,
        "u_max_end": 1.1468155048561912,
        "u_min_end": -0.41444815363196763,
        "x_front_end": 0.8203125,
        "t_end": 6.0
      },
      "v_peak_end": 0.4645870716182063,
      "v_peak_ratio": 0.4645870716182063,
      "n_peaks": 1,
      "u_max_end": 1.1468155048561912,
      "u_min_end": -0.41444815363196763
    },
    {
      "u_L": 1.0,
      "A": 1.5,
      "T": 6.0,
      "dt_wall": 29.47644019126892,
      "outcome": {
        "outcome": "destruction",
        "v_peak_end": 0.3958590470397186,
        "v_peak_ratio": 0.2639060313598124,
        "n_peaks": 5,
        "x_peak_end": -9.84375,
        "u_max_end": 1.413875589915575,
        "u_min_end": -0.49988570393100784,
        "x_front_end": -1.2890625,
        "t_end": 6.0
      },
      "v_peak_end": 0.3958590470397186,
      "v_peak_ratio": 0.2639060313598124,
      "n_peaks": 5,
      "u_max_end": 1.413875589915575,
      "u_min_end": -0.49988570393100784
    },
    {
      "u_L": 1.0,
      "A": 2.0,
      "T": 6.0,
      "dt_wall": 30.517791986465454,
      "outcome": {
        "outcome": "destruction",
        "v_peak_end": 0.4087158758989429,
        "v_peak_ratio": 0.20435793794947146,
        "n_peaks": 6,
        "x_peak_end": -6.5625,
        "u_max_end": 2.6013656775788023,
        "u_min_end": -0.7507370707608787,
        "x_front_end": -1.2890625,
        "t_end": 6.0
      },
      "v_peak_end": 0.4087158758989429,
      "v_peak_ratio": 0.20435793794947146,
      "n_peaks": 6,
      "u_max_end": 2.6013656775788023,
      "u_min_end": -0.7507370707608787
    },
    {
      "u_L": 1.5,
      "A": 0.5,
      "T": 6.0,
      "dt_wall": 27.450260162353516,
      "outcome": {
        "outcome": "transmission",
        "v_peak_end": 0.3863875839569829,
        "v_peak_ratio": 0.7727751679139658,
        "n_peaks": 2,
        "x_peak_end": 12.3046875,
        "u_max_end": 1.2976970865558861,
        "u_min_end": -0.1836761399433047,
        "x_front_end": 4.6875,
        "t_end": 6.0
      },
      "v_peak_end": 0.3863875839569829,