{
  "round_id": "E3",
  "a_sweep": [
    {
      "u_L": 0.6,
      "A": 0.3,
      "T": 6.0,
      "dt_wall": 24.95734930038452,
      "outcome": {
        "outcome": "transmission",
        "v_peak_end": 0.25945513422637867,
        "v_peak_ratio": 0.8648504474212623,
        "n_peaks": 1,
        "x_peak_end": 9.2578125,
        "u_max_end": 0.6104369227920238,
        "u_min_end": -0.1712774222015518,
        "x_front_end": -1.640625,
        "t_end": 6.0
      },
      "v_peak_end": 0.25945513422637867,
      "v_peak_ratio": 0.8648504474212623,
      "n_peaks": 1,
      "u_max_end": 0.6104369227920238,
      "u_min_end": -0.1712774222015518
    },
    {
      "u_L": 0.6,
      "A": 0.5,
      "T": 6.0,
      "dt_wall": 24.050253868103027,
      "outcome": {
        "outcome": "transmission",
        "v_peak_end": 0.39457559998661773,
        "v_peak_ratio": 0.7891511999732355,
        "n_peaks": 1,
        "x_peak_end": 12.3046875,
        "u_max_end": 0.6034247565083535,
        "u_min_end": -0.2895736265318608,
        "x_front_end": -1.640625,
        "t_end": 6.0
      },
      "v_peak_end": 0.39457559998661773,
      "v_peak_ratio": 0.7891511999732355,
      "n_peaks": 1,
      "u_max_end": 0.6034247565083535,
      "u_min_end": -0.2895736265318608
    },
    {
      "u_L": 0.6,
      "A": 0.7,
      "T": 6.0,
      "dt_wall": 25.822003841400146,
      "outcome": {
        "outcome": "transmission",
        "v_peak_end": 0.4406792075312371,
        "v_peak_ratio": 0.6295417250446245,
        "n_peaks": 1,
        "x_peak_end": 14.765625,
        "u_max_end": 0.812982147088278,
        "u_min_end": -0.3583060505990533,
        "x_front_end": -1.640625,
        "t_end": 6.0
      },
      "v_peak_end": 0.4406792075312371,
      "v_peak_ratio": 0.6295417250446245,
      "n_peaks": 1,
      "u_max_end": 0.812982147088278,
      "u_min_end": -0.3583060505990533
    },
    {
      "u_L": 0.6,
      "A": 0.9,
      "T": 6.0,
      "dt_wall": 27.38552498817444,
      "outcome": {
        "outcome": "transmission",
        "v_peak_end": 0.4702407088172715,
        "v_peak_ratio": 0.522489676463635,
        "n_peaks": 1,
        "x_peak_end": -12.65625,
        "u_max_end": 1.0317063812343161,
        "u_min_end": -0.39206123157418515,
        "x_front_end": -1.7578125,
        "t_end": 6.0
      },
      "v_peak_end": 0.4702407088172715,
      "v_peak_ratio": 0.522489676463635,
      "n_peaks": 1,
      "u_max_end": 1.0317063812343161,
      "u_min_end": -0.39206123157418515
    },
    {
      "u_L": 0.6,
      "A": 1.1,
      "T": 6.0,
      "dt_wall": 26.69442105293274,
      "outcome": {
        "outcome": "ambiguous",
        "v_peak_end": 0.46561810741500564,
        "v_peak_ratio": 0.42328918855909603,
        "n_peaks": 1,
        "x_peak_end": -11.484375,
        "u_max_end": 1.1724081592167264,
        "u_min_end": -0.42953757611951465,
        "x_front_end": -1.640625,
        "t_end": 6.0
      },
      "v_peak_end": 0.46561810741500564,
      "v_peak_ratio": 0.42328918855909603,
      "n_peaks": 1,
      "u_max_end": 1.1724081592167264,
      "u_min_end": -0.42953757611951465
    },
    {
      "u_L": 0.6,
      "A": 1.3,
      "T": 6.0,
      "dt_wall": 29.094630002975464,
      "outcome": {
        "outcome": "destruction",
        "v_peak_end": 0.40794796297339203,
        "v_peak_ratio": 0.3138061253641477,
        "n_peaks": 4,
        "x_peak_end": -10.78125,
        "u_max_end": 1.3049100007153613,
        "u_min_end": -0.7228821627740685,
        "x_front_end": -1.875,
        "t_end": 6.0
      },
      "v_peak_end": 0.40794796297339203,
      "v_peak_ratio": 0.3138061253641477,
      "n_peaks": 4,
      "u_max_end": 1.3049100007153613,
      "u_min_end": -0.7228821627740685
    },
    {
      "u_L": 0.6,
      "A": 1.5,
      "T": 6.0,
      "dt_wall": 27.9113290309906,
      "outcome": {
        "outcome": "destruction",
        "v_peak_end": 0.35405443626909205,
        "v_peak_ratio": 0.23603629084606137,
        "n_peaks": 5,
        "x_peak_end": -7.96875,
        "u_max_end": 1.5113113790968271,
        "u_min_end": -1.4566744678080628,
        "x_front_end": -2.109375,
        "t_end": 6.0
      },
      "v_peak_end": 0.35405443626909205,
      "v_peak_ratio": 0.23603629084606137,
      "n_peaks": 5,
      "u_max_end": 1.5113113790968271,
      "u_min_end": -1.4566744678080628
    }
  ],
  "zero_bore": [
    {
      "u_L": 0.0,
      "A": 0.5,
      "T": 6.0,
      "dt_wall": 27.703126907348633,
      "outcome": {
        "outcome": "transmission",
        "v_peak_end": 0.39269007104742215,
        "v_peak_ratio": 0.7853801420948443,
        "n_peaks": 1,
        "x_peak_end": 12.1875,
        "u_max_end": 0.5232096711728411,
        "u_min_end": -0.2881286427951292,
        "x_front_end": 0.46875,
        "t_end": 6.0
      },
      "v_peak_end": 0.39269007104742215,
      "v_peak_ratio": 0.7853801420948443,
      "n_peaks": 1,
      "u_max_end": 0.5232096711728411,
      "u_min_end": -0.2881286427951292
    },
    {
      "u_L": 0.0,
      "A": 1.0,
      "T": 6.0,
      "dt_wall": 26.976365089416504,
      "outcome": {
        "outcome": "transmission",
        "v_peak_end": 0.5200342429987058,
        "v_peak_ratio": 0.5200342429987058,
        "n_peaks": 1,
        "x_peak_end": -12.1875,
        "u_max_end": 1.0348282858508584,
        "u_min_end": -0.4188046550686901,
        "x_front_end": -10.6640625,
        "t_end": 6.0
      },
      "v_peak_end": 0.5200342429987058,
      "v_peak_ratio": 0.5200342429987058,
      "n_peaks": 1,
      "u_max_end": 1.0348282858508584,
      "u_min_end": -0.4188046550686901
    },
    {
      "u_L": 0.0,
      "A": 1.5,
      "T": 6.0,
      "dt_wall": 25.259243965148926,
      "outcome": {
        "outcome": "destruction",
        "v_peak_end": 0.5263147959517624,
        "v_peak_ratio": 0.3508765306345083,
        "n_peaks": 3,
        "x_peak_end": -8.4375,
        "u_max_end": 1.1455972918489115,
        "u_min_end": -0.5077997106510971,
        "x_front_end": -7.1484375,
        "t_end": 6.0
      },
      "v_peak_end": 0.5263147959517624,
      "v_peak_ratio": 0.3508765306345083,
      "n_peaks": 3,
      "u_max_end": 1.1455972918489115,
      "u_min_end": -0.5077997106510971
    }
  ]
}