{
  "useful": true,
  "diag": {
    "all_finite": true,
    "mass_v0": 10.634723663330078,
    "mass_vT": 10.634722709655762,
    "mass_drift_rel": 8.967551453119973e-08,
    "u_max": 8.08323860168457,
    "v_max": 3.997288227081299,
    "bounded": true,
    "v0_max": 3.997288227081299,
    "vT_max": 1.7899059057235718,
    "n_dominant_peaks_vT": 5,
    "peak_separations": [
      71,
      77,
      32,
      27
    ],
    "useful": true
  }
}