{
  "useful": false,
  "diag": {
    "all_finite": true,
    "mass_v0": 10.634723105433096,
    "mass_vT": 10.634723105433077,
    "mass_drift_rel": 1.837370379997966e-15,
    "u_max": 16.33749288518089,
    "v_max": 5.194009043745003,
    "bounded": false,
    "useful": false,
    "reason": "non-finite or unbounded"
  }
}