{
  "useful": true,
  "diag": {
    "all_finite": true,
    "mass_v0": 10.634723663330078,
    "mass_vT": 10.634722709655762,
    "mass_drift_rel": 8.967551453119973e-08,
    "u_max": 4.878151893615723,
    "v_max": 3.997288227081299,
    "bounded": true,
    "v0_max": 3.997288227081299,
    "vT_max": 1.8787038326263428,
    "n_dominant_peaks_vT": 10,
    "peak_separations": [
      45,
      33,
      19,
      34,
      21,
      17,
      25,
      13,
      15
    ],
    "useful": true
  }
}