{
  "useful": true,
  "diag": {
    "all_finite": true,
    "mass_v0": 2.999997786340916,
    "mass_vT": 2.9999977863409164,
    "mass_drift_rel": 1.4802984584589187e-16,
    "u_max": 2.7074869550456304,
    "v_max": 1.4985361093968357,
    "bounded": true,
    "vT_max": 0.501850464669694,
    "vT_min": -0.0868869230327839,
    "n_dominant_peaks_vT": 1,
    "useful": true
  }
}