{
  "useful": false,
  "diag": {
    "all_finite": true,
    "mass_v0": 2.999997786340916,
    "mass_vT": 2.999997786340916,
    "mass_drift_rel": 0.0,
    "u_max": 16.043912025302305,
    "v_max": 1.4985361093968357,
    "bounded": false,
    "useful": false,
    "reason": "non-finite or unbounded"
  }
}