{
  "useful": false,
  "diag": {
    "all_finite": true,
    "mass_v0": 3.9999999926838457,
    "mass_vT": 3.9999999926838763,
    "mass_drift_rel": 7.660538883925001e-15,
    "u_max": 7.527455042164568,
    "v_max": 1.9969513439139424,
    "bounded": true,
    "v0_max": 1.9969513439139424,
    "vT_max": 0.6351175136048283,
    "amp_ratio": 0.3180435595190938,
    "n_dominant_peaks_vT": 1,
    "useful": false,
    "reason": "amp ratio 0.32 < 0.5"
  }
}