{
  "task": "T_C",
  "condition": "PosOnly",
  "round": 3,
  "exit_code": 0,
  "duration_sec": 9.234623,
  "output_exists": true,
  "useful": false,
  "diag": {
    "all_finite": true,
    "mass_v0": 2.999997786340916,
    "mass_vT": -1.0629868787673407,
    "mass_drift_rel": 1.3543292210438131,
    "u_max": 5.735535196724817,
    "v_max": 5.429166567574507,
    "bounded": true,
    "vT_max": 0.07095817753935427,
    "vT_min": -0.13420716716328307,
    "n_dominant_peaks_vT": 0,
    "useful": false,
    "reason": "vT_max 0.07 < 0.5 (soliton destroyed); no peak in final v; u_max 5.74 too large (bore blew up)"
  },
  "stderr_tail": ""
}