{
  "useful": true,
  "diag": {
    "all_finite": true,
    "mass_v0": 10.634723105433096,
    "mass_vT": 10.634723105433103,
    "mass_drift_rel": 6.68134683635624e-16,
    "u_max": 13.889771349402622,
    "v_max": 3.9972882460057573,
    "bounded": true,
    "v0_max": 3.9972882460057573,
    "vT_max": 1.79054802638703,
    "n_dominant_peaks_vT": 5,
    "peak_separations": [
      71,
      77,
      32,
      27
    ],
    "useful": true
  }
}