{
  "tag": "E2_Nx_doubling",
  "compared_to": "E1_baseline (Nx=256, dt=5e-4, \u03bd_h=1e-22, explicit HV in rhs)",
  "params_common": {
    "dt": 0.0005,
    "T_final": 10.0
  },
  "E1_end": {
    "m_l2_T": 2.4556987212087398,
    "m_inf_T": 3.667195041062041,
    "lock_T": 0.19972848040193072,
    "L2_u_T": 2.4888646337102673,
    "L2_v_T": 0.8291634077271617,
    "energy_T": 3.546971654287454,
    "u_peak_T": 3.67045177245601,
    "v_peak_T": 0.5454010900543782,
    "eh_u_T": 0.16062756929166264,
    "eh_v_T": 9.62115589830121e-05
  },
  "E2a_Nx512_naive": {
    "Nx": 512,
    "HYPER": 1e-22,
    "\u03bd_h*kmax^16": 438107.5173430393,
    "blew_up": true,
    "blow_t": 0.002,
    "blow_step": 4,
    "interpretation": "naive Nx doubling violates explicit-RK4 stability bound dt \u2272 2/(\u03bd_h k_max^16).",
    "end": {
      "m_l2_T": 0.0,
      "m_inf_T": 0.0,
      "lock_T": 1.0000000000000002,
      "L2_u_T": 1.0757057484009542,
      "L2_v_T": 1.7320508075688772,
      "energy_T": 3.2785714285714302,
      "u_peak_T": 1.1241420749725957,
      "v_peak_T": 1.4994279408978584,
      "eh_u_T": 0.005100467599944484,
      "eh_v_T": 0.0031181944796728487
    },
    "pct_shift_vs_E1": {
      "m_l2_T": -100.0,
      "m_inf_T": -100.00000000000001,
      "lock_T": 400.67972178410145,
      "L2_u_T": -56.779258549013605,
      "L2_v_T": 108.8913706788678,
      "energy_T": -7.567024827829991,
      "u_peak_T": -69.3731958717333,
      "v_peak_T": 174.92206529113477,
      "eh_u_T": -96.8246624023282,
      "eh_v_T": 3140.976980971094
    }
  },
  "E2b_Nx512_fair_dt5e-4": {
    "Nx": 512,
    "HYPER": 1.52587890625e-27,
    "dt": 0.0005,
    "\u03bd_h*kmax^16": 6.684990193832997,
    "blew_up": true,
    "blow_t": 0.09650000000000007,
    "blow_step": 193,
    "rescaling": "\u03bd_h \u2190 \u03bd_h_baseline / 2^16  (preserves \u03bd_h*k_max^16, the spectral filter strength at k_max)",
    "interpretation": "with HV rescaling the explicit hyperviscous bound is restored, but the u-equation -ik\u00b7v_xx coupling still has a dispersion-CFL \u2248 2.83/k_max^3 \u2248 1.84e-5 at Nx=512; dt=5e-4 still violates this by ~30\u00d7.",
    "end": {
      "m_l2_T": 0.0,
      "m_inf_T": 0.0,
      "lock_T": 1.0000000000000002,
      "L2_u_T": 1.0757057484009542,
      "L2_v_T": 1.7320508075688772,
      "energy_T": 3.2785714285714302,
      "u_peak_T": 1.1241420749725957,
      "v_peak_T": 1.4994279408978584,
      "eh_u_T": 0.005100467599944484,
      "eh_v_T": 0.0031181944796728487
    },
    "pct_shift_vs_E1": {
      "m_l2_T": -100.0,
      "m_inf_T": -100.00000000000001,
      "lock_T": 400.67972178410145,
      "L2_u_T": -56.779258549013605,
      "L2_v_T": 108.8913706788678,
      "energy_T": -7.567024827829991,
      "u_peak_T": -69.3731958717333,
      "v_peak_T": 174.92206529113477,
      "eh_u_T": -96.8246624023282,
      "eh_v_T": 3140.976980971094
    },
    "max_abs_shift_pct_finite": 3140.976980971094
  },
  "E2c_Nx512_fair_dt1e-4": {
    "Nx": 512,
    "HYPER": 1.52587890625e-27,
    "dt": 0.0001,
    "blew_up": false,
    "rescaling": "\u03bd_h \u2190 \u03bd_h_baseline / 2^16, dt \u2190 1e-4 (within both stability cones)",
    "interpretation": "fully stable Nx=512 comparison; tests whether Nx alone (with consistent numerics) shifts physics by > 5 %.",
    "end": {
      "m_l2_T": 1.646172260268118,
      "m_inf_T": 2.238985566111279,
      "lock_T": 0.4775982842575873,
      "L2_u_T": 1.6943651222494858,
      "L2_v_T": 0.7221520802145596,
      "energy_T": 1.7363226205656859,
      "u_peak_T": 2.2437653019082413,
      "v_peak_T": 0.3831680688646703,
      "eh_u_T": 0.05883023622974613,
      "eh_v_T": 9.351136478702145e-06
    },
    "pct_shift_vs_E1": {
      "m_l2_T": -32.96521898020772,
      "m_inf_T": -38.94555536203888,
      "lock_T": 139.12377608665295,
      "L2_u_T": -31.922166464970974,
      "L2_v_T": -12.905939470475818,
      "energy_T": -51.047744673491245,
      "u_peak_T": -38.86950596256248,
      "v_peak_T": -29.74563567035276,
      "eh_u_T": -63.37475783940677,
      "eh_v_T": -90.28065174543813
    },
    "max_abs_shift_pct_finite": 139.12377608665295
  },
  "stability_note": "Explicit-RK4 stability for hyperviscous term: dt \u2272 2/(\u03bd_h k_max^16). At (Nx=256, \u03bd_h=1e-22): bound \u2248 0.28, dt=5e-4 stable. At (Nx=512, \u03bd_h=1e-22): bound \u2248 4.3e-6, dt=5e-4 violates \u2192 blow-up. Rescaling \u03bd_h \u2190 \u03bd_h/2^16 at Nx=512 restores the bound to \u2248 0.28."
}