{
  "useful": true,
  "diag": {
    "all_finite": true,
    "mass_v0": 10.634723105433096,
    "mass_vT": 10.634723105433096,
    "mass_drift_rel": 0.0,
    "u_max": 8.603932858144205,
    "v_max": 4.513180136378189,
    "bounded": true,
    "v0_max": 3.9972882460057573,
    "vT_max": 1.78768321778953,
    "n_dominant_peaks_vT": 5,
    "peak_separations": [
      71,
      77,
      32,
      27
    ],
    "useful": true
  }
}