{
  "useful": true,
  "diag": {
    "all_finite": true,
    "mass_v0": 2.999997786340916,
    "mass_vT": 2.9999977863409186,
    "mass_drift_rel": 8.881790750753511e-16,
    "u_max": 3.326418272873278,
    "v_max": 1.4985361093968357,
    "bounded": true,
    "vT_max": 0.6295855925343556,
    "vT_min": -0.6308039394090978,
    "n_dominant_peaks_vT": 4,
    "useful": true
  }
}