{
  "useful": false,
  "diag": {
    "all_finite": true,
    "mass_v0": 2.999997786340916,
    "mass_vT": 2.999997786340922,
    "mass_drift_rel": 2.072417841842486e-15,
    "u_max": 5.038576776934048,
    "v_max": 1.4985361093968355,
    "bounded": true,
    "vT_max": 0.6655409618232396,
    "vT_min": -0.4872157291348969,
    "n_dominant_peaks_vT": 3,
    "useful": false,
    "reason": "u_max 5.04 too large (bore blew up)"
  }
}