{
  "task": "T_A",
  "condition": "NoKB",
  "round": 3,
  "exit_code": 0,
  "duration_sec": 18.093191,
  "output_exists": true,
  "useful": false,
  "diag": {
    "all_finite": true,
    "mass_v0": 3.9999999926838448,
    "mass_vT": 3.9999999926838457,
    "mass_drift_rel": 2.2204460533115953e-16,
    "u_max": 47.347840363962305,
    "v_max": 1.9969513439139424,
    "bounded": false,
    "useful": false,
    "reason": "non-finite or unbounded"
  },
  "stderr_tail": ""
}