{
  "useful": true,
  "diag": {
    "all_finite": true,
    "mass_v0": 2.999997786340916,
    "mass_vT": 2.999997786340913,
    "mass_drift_rel": 1.036208920921243e-15,
    "u_max": 2.755066572518712,
    "v_max": 1.4985361093968357,
    "bounded": true,
    "vT_max": 0.5797318549238838,
    "vT_min": -0.30930606747923683,
    "n_dominant_peaks_vT": 1,
    "useful": true
  }
}