{
  "useful": true,
  "diag": {
    "all_finite": true,
    "mass_v0": 3.999999992683844,
    "mass_vT": 3.9999999926838448,
    "mass_drift_rel": 2.220446053311596e-16,
    "u_max": 2.5029516374061287,
    "v_max": 2.1638894861094577,
    "bounded": true,
    "v0_max": 1.9969513439139426,
    "vT_max": 2.090403595245176,
    "amp_ratio": 1.0467974603467658,
    "n_dominant_peaks_vT": 1,
    "useful": true
  }
}