{
  "useful": true,
  "diag": {
    "all_finite": true,
    "mass_v0": 2.999997786340916,
    "mass_vT": 2.999997786340925,
    "mass_drift_rel": 2.9605969169178374e-15,
    "u_max": 3.6872917600321506,
    "v_max": 1.4985361093968357,
    "bounded": true,
    "vT_max": 0.6648278573150974,
    "vT_min": -0.23361829269168033,
    "n_dominant_peaks_vT": 1,
    "useful": true
  }
}