{"t": [0.0, 0.25, 0.5, 0.75, 1.0, 1.25, 1.5, 1.75, 2.0, 2.25, 2.5, 2.75, 3.0, 3.25, 3.5, 3.75, 4.0, 4.25, 4.5, 4.75, 5.0, 5.25, 5.5, 5.75, 6.0, 6.25, 6.5, 6.75, 7.0, 7.25, 7.5, 7.75, 8.0, 8.25, 8.5, 8.75, 9.0, 9.25, 9.5, 9.75, 10.0], "v_peak": [0.6, 0.6040798219876475, 0.6039810779507013, 0.5990482852301795, 0.5931866402172582, 0.5856927869770363, 0.5787037716477974, 0.5709632610233261, 0.5635535581284371, 0.5569505612598796, 0.5512944307739587, 0.5423424361899358, 0.5374891600018699, 0.5341633461804335, 0.5255407439327847, 0.5160215109388485, 0.5120244441491391, 0.5084829650686826, 0.5054236555083568, 0.49751628867258535, 0.4867860757652222, 0.47891355269978175, 0.4699516479934808, 0.4634093687660616, 0.45975554865712803, 0.4583420893296121, 0.4513524956451769, 0.44578032028887715, 0.441949026336651, 0.4345161114457283, 0.4260131445344073, 0.41290486569275386, 0.39944535757562816, 0.389415828251022, 0.3831504510579127, 0.37484522454794816, 0.3684720596108498, 0.3665255670620508, 0.3626082294772934, 0.3636637247132238, 0.36591487859828403], "u_at_v_peak": [0.18, 0.19208678886771266, 0.21152283460562063, 0.23689150628896122, 0.2840256103153115, 0.3159146582951072, 0.36650621098946545, 0.3933183931023417, 0.43892631214188793, 0.4594708593481599, 0.5012853305684115, 0.5129498793038261, 0.5512506413224644, 0.561167574802051, 0.5639985308256271, 0.5938690853810458, 0.5958371388985676, 0.6272022319147673, 0.6258838923866403, 0.6196495859740015, 0.6109483604048432, 0.63852549052176, 0.6293146475444529, 0.6212611059087302, 0.6147776961912313, 0.644761009797704, 0.6028021614708946, 0.5980271100287686, 0.5958570681950169, 0.5921727171933746, 0.5892897298697143, 0.5537381388489262, 0.5494897288473447, 0.5481355214313206, 0.5495789885931567, 0.5489721465827332, 0.5494484269570703, 0.5527571784792653, 0.553822969536578, 0.5796701784163331, 0.5634217943598877], "m_at_v_peak": [0.0, 0.009630573201398679, 0.029126263344375042, 0.05746208227035196, 0.10809041524919202, 0.14439663793664317, 0.19905718332977243, 0.2303188703831463, 0.2801300057022771, 0.30437389550431243, 0.34932255586721994, 0.36588222025760875, 0.4068033427627066, 0.41850233460071223, 0.4259019940589147, 0.4607299855052397, 0.4647526231954502, 0.49792476903224775, 0.49815735661292526, 0.4958883572267299, 0.4924680186253909, 0.5238463950419967, 0.5188873718185586, 0.5138869843786503, 0.5090901139307229, 0.5397222743721869, 0.5009426238083299, 0.4986670630503417, 0.49819759725506, 0.4977705916404163, 0.4985461302116674, 0.46849292479255067, 0.469711432002984, 0.47231317778510584, 0.47617685452021574, 0.47871767539953236, 0.4815625976001395, 0.4855866828241864, 0.48808060549424925, 0.5135445260801854, 0.4964749451700892], "ratio_u_v2half_peak": [1.0, 1.0527829274888152, 1.1596864630895811, 1.3202489367874934, 1.6143763060516105, 1.8418744434833232, 2.188762849876422, 2.413003342224039, 2.7640838882408674, 2.9624748799773917, 3.2987376780537354, 3.487849623979036, 3.816275186997783, 3.9334569094061984, 4.084088884708198, 4.460516001197355, 4.545442577276101, 4.8515976252158906, 4.900186860900063, 5.006815076467653, 5.1565377954606655, 5.567932741799803, 5.698905849190337, 5.785948206660669, 5.816934052629486, 6.138316566605124, 5.917974647281712, 6.018788519278904, 6.101375140168047, 6.272874829086066, 6.494008746516125, 6.495826715652568, 6.887709447086127, 7.229208371465119, 7.48723447259763, 7.81405279033689, 8.093713108639724, 8.229166289283885, 8.424141382868356, 8.766192210393596, 8.415956855005259], "L2_m_core50": [0.0, 0.06608858624049917, 0.12232231693276466, 0.1780053662768676, 0.23573824241959637, 0.28884121705209076, 0.3373473420146828, 0.39385354984269205, 0.43806758446579214, 0.4793885105043317, 0.5250035456841641, 0.5593735822760235, 0.5900363992659746, 0.6248414232683215, 0.6493981347580399, 0.6778297811404673, 0.6978825108300435, 0.7145574299101366, 0.730085236082513, 0.7492411543999185, 0.761392622350751, 0.771920594647367, 0.7859601911014554, 0.7943065082191636, 0.7999183854943873, 0.8054957421544201, 0.8103236077889278, 0.8144797676584207, 0.8173868394821383, 0.8194151668750911, 0.8218660102949492, 0.8235275049003524, 0.8254804061407685, 0.8286602281484892, 0.8290753448980142, 0.8283597617873604, 0.8293612388319319, 0.8281358438588224, 0.8272763183990312, 0.8241688343327002, 0.821353751591549], "L2_v_core50": [0.9057418434385962, 0.903301794423549, 0.8923940176256191, 0.8842951951390012, 0.8738542033136192, 0.8622656789234274, 0.844068618571341, 0.8379412329688214, 0.8203855284304536, 0.8092244316470285, 0.7980744526277614, 0.7879162988647846, 0.7723494381327145, 0.7682569178144656, 0.7585592670611604, 0.7490522745571466, 0.7402947703561764, 0.727019514924393, 0.7189944679655752, 0.715017639033206, 0.7054516834849518, 0.6956992790892598, 0.6913064996249981, 0.6830225087476172, 0.6710856906119088, 0.6641011765670588, 0.6570685424821032, 0.649565925005046, 0.6416441436124796, 0.6331301228032079, 0.627555286790625, 0.6208948358988093, 0.6142742539082571, 0.6081114512804628, 0.6022745796792531, 0.5942196237542591, 0.5908612535971417, 0.5843052450825607, 0.5794285390709268, 0.5724902210860504, 0.5660227351311387], "x_peak": [0.0, 0.46875, 0.8203125, 1.171875, 1.640625, 1.9921875, 2.4609375, 2.8125, 3.28125, 3.6328125, 4.1015625, 4.453125, 4.921875, 5.2734375, 5.625, 6.09375, 6.4453125, 6.9140625, 7.265625, 7.6171875, 7.96875, 8.4375, 8.7890625, 9.140625, 9.4921875, 9.9609375, 10.1953125, 10.546875, 10.8984375, 11.25, 11.6015625, 11.8359375, 12.1875, 12.5390625, 12.890625, 13.2421875, 13.59375, 13.9453125, 14.296875, 14.765625, -15.0], "L2_m_full": [0.0, 0.09428497630164161, 0.18713916725374066, 0.27563384539661545, 0.35797615678850575, 0.4332825008838509, 0.5012411952457919, 0.5619881986374238, 0.6160197006039726, 0.6636954679123344, 0.7056848912907338, 0.7431951075375722, 0.7759150954594634, 0.8044500065691323, 0.8301401791761973, 0.8531157969328469, 0.8733185212454453, 0.8907594850537442, 0.9061454848360035, 0.919671185339477, 0.9316816429471085, 0.9421559890133661, 0.9510780342151459, 0.9586243470200274, 0.964653998098115, 0.9694630705089504, 0.9738098789091093, 0.9773865249505943, 0.9797286420248169, 0.9814416370040603, 0.9822936941775025, 0.9832859495901256, 0.9845443886195386, 0.9850649649485733, 0.9842866157581043, 0.9831479569030361, 0.9821447021254129, 0.980126209114713, 0.977963462402023, 0.9759125922637646, 0.9732250164343264], "L2_v_full": [0.9641141027334804, 0.9623938208207127, 0.9574671512273258, 0.9499046697049601, 0.9404306596150648, 0.9297670441385095, 0.9185136690897747, 0.907104356454674, 0.8957997720771326, 0.884777836952784, 0.8740574510771949, 0.8637298792563325, 0.8538012277973123, 0.8441183356816122, 0.8346997312489519, 0.8256555144651019, 0.8170032292970798, 0.8084909780876133, 0.8000173950486282, 0.7914766137148315, 0.7831098647648816, 0.7750404938353105, 0.7671955885676839, 0.7597121181599575, 0.7524121026155545, 0.7450242933185779, 0.7374885529665576, 0.7299519832263719, 0.7222511218897626, 0.7143865541796037, 0.7064794585017934, 0.6987851736845266, 0.6916684118360901, 0.6850514216254798, 0.6788003107597906, 0.6729615938740257, 0.6676054106198398, 0.662528387277044, 0.657688526306767, 0.6530717110819795, 0.6483235826482542],