{"t": [0.0, 0.25, 0.5, 0.75, 1.0, 1.25, 1.5, 1.75, 2.0, 2.25, 2.5, 2.75, 3.0, 3.25, 3.5, 3.75, 4.0, 4.25, 4.5, 4.75, 5.0, 5.25, 5.5, 5.75, 6.0, 6.25, 6.5, 6.75, 7.0, 7.25, 7.5, 7.75, 8.0, 8.25, 8.5, 8.75, 9.0, 9.25, 9.5, 9.75, 10.0], "v_peak": [1.5, 1.7543084515962741, 1.724512795860152, 1.63387915311505, 1.5223447005381987, 1.3931824354705105, 1.26525247812965, 1.1313345960440653, 1.0604914673838475, 0.932375335737166, 0.911806072222556, 0.8599378899266472, 0.7410136765338324, 0.7207505672065496, 0.7445922588709795, 0.7102566412637535, 0.6707127336527459, 0.5760680970950994, 0.5284719450048965, 0.5163116670483562, 0.5151608370198144, 0.5521594232713228, 0.5560884547580404, 0.5266369790583989, 0.4820865180672118, 0.5110218173606149, 0.5197100530480563, 0.506758818716807, 0.504682247464574, 0.47888513344088873, 0.4114417594035902, 0.34673143375093846, 0.3680474530654655, 0.37561092154947107, 0.3545204771584811, 0.34622303929071274, 0.37345754075040244, 0.37297257550242724, 0.3361993476668501, 0.3182425939356417, 0.30731922404811607], "u_at_v_peak": [1.125, 1.31916086735507, 1.5881283254704404, 1.9069827878805659, 2.11804685070337, 2.1690324907763827, 1.6690331524058288, 1.5706820219835516, 1.610041102379401, 1.5834886551603213, 1.411125174965052, 1.2413186847367048, 1.1751864327431771, 1.3263524849058554, 1.176629049714911, 0.9641437043913426, 0.9252350635674494, 0.7497093080735989, 0.9974176169296805, 0.8681553832721944, 0.9948987348597492, 1.0166462584660878, 0.8592519405609336, 0.8093191489244606, 0.8050289994506107, 0.8260123762416582, 0.7012424595561573, 0.6763736794373375, 0.60113325148155, 0.5196242504663309, 0.42024802373764936, 0.39373159871462027, 0.6611596842602794, 0.5847938483006173, 0.43412593995155496, 0.6226908782069417, 0.6032747814507661, 0.48483079880241386, 0.432800308010048, 0.22311615020453204, 0.19840829952802885], "m_at_v_peak": [0.0, -0.21963820431598835, 0.10115613392774114, 0.5722022443885892, 0.9592801570750011, 1.1985538415246113, 0.8686012356992188, 0.9307230378804574, 1.047720026182428, 1.1488267718148248, 0.9954300182940894, 0.8715720974709575, 0.9006357983380835, 1.0666117948415739, 0.8994202337296171, 0.7119114561617084, 0.7003072780254799, 0.5837820818282144, 0.8577763186010513, 0.7348665145070681, 0.8622033908602713, 0.8642062441124279, 0.704634755803341, 0.6706458950685823, 0.6888252939995266, 0.6954407273323854, 0.5661931899365505, 0.5479714292637107, 0.4737811660286032, 0.404958764950982, 0.33560586304708845, 0.3336202551391296, 0.5934302204062913, 0.5142520661069958, 0.3712835555892164, 0.5627556817390925, 0.5335395140790968, 0.41527652776395696, 0.3762853073242402, 0.1724769759070892, 0.15118574679326077], "ratio_u_v2half_peak": [1.0, 0.8572664824410946, 1.068028262063727, 1.428686383824285, 1.827845814303888, 2.2350130963197214, 2.085165668147133, 2.4543479519783142, 2.863206041054429, 3.6430354623519294, 3.3946153865872617, 3.357214718102413, 4.280399625699697, 5.106448606791663, 4.244558548878662, 3.8224442400147773, 4.113476071166888, 4.518301938977018, 7.142712284029163, 6.513337470077911, 7.497616004248528, 6.669156144970405, 5.55728615747377, 5.8361589305864126, 6.927739492691888, 6.326123497265547, 5.192493536109798, 5.267615470310981, 4.7202466244940515, 4.531653514838822, 4.964996407334324, 6.550038233967491, 9.761773482890924, 8.29003507021539, 6.908171043422831, 10.389402469731941, 8.650928062489273, 6.970539573829313, 7.658149212740506, 4.405998978063882, 4.201558112337048], "L2_m_core50": [0.0, 0.2362128207464765, 0.5057750762814952, 0.9019704769598098, 1.2050241454076132, 1.40751241021541, 1.5331127401251974, 1.6076968760682875, 1.627694648320778, 1.6400598617169155, 1.6112863858743212, 1.5470169512905405, 1.5954683598826007, 1.5803815879180096, 1.4998999751119435, 1.4180269750000776, 1.284483022959259, 1.468645882983404, 1.4616370286007183, 1.4376276971757218, 1.423067196577429, 1.3372063744305873, 1.202280216915746, 1.183034762029917, 1.2449978815359568, 1.1127181549061889, 0.9934598059613126, 0.9218416960258845, 0.8048784586950065, 0.7956653596720568, 1.0731268816079853, 1.1528424389429677, 1.0083643163777365, 0.9530268504115029, 1.004975370424343, 0.9607776041203345, 0.8365367893447814, 0.7692752798027115, 0.914792124361061, 0.22480008510952093, 0.2184415993850919], "L2_v_core50": [2.093666418427876, 1.9487138722803958, 1.8713639401661666, 1.759553763744273, 1.6458125223654136, 1.527416074281569, 1.4471943526933806, 1.3516888920058026, 1.2622256762479571, 1.206320303644344, 1.1338783381605497, 1.073626761175984, 1.0483314932369394, 1.020681881544915, 0.945005288928442, 0.9130639635621896, 0.8764798722780819, 0.8678516111163947, 0.8595472306920997, 0.8304460737660784, 0.8205977002203604, 0.7558577601183617, 0.7329936636664864, 0.7262430902776802, 0.7323651373681117, 0.7031892184385864, 0.6816617618138306, 0.6709363289298808, 0.650125167168393, 0.6324098692714519, 0.6477476106845077, 0.6480770419233569, 0.6268337067419931, 0.5958628903648223, 0.5786762768471532, 0.5763783359674187, 0.5467876881356879, 0.5201310903886115, 0.5417453560435341, 0.42379669918814233, 0.4236133426982283], "x_peak": [0.0, 1.5234375, 2.6953125, 3.984375, 5.2734375, 6.4453125, 7.5, 8.4375, 9.375, 10.3125, 11.1328125, 11.71875, 12.421875, 13.4765625, 13.9453125, 14.4140625, 14.8828125, -14.765625, -13.7109375, -13.2421875, -12.3046875, -11.953125, -11.6015625, -11.3671875, -10.78125, -10.3125, -10.1953125, -9.9609375, -9.7265625, -9.7265625, -9.7265625, -9.2578125, -7.96875, -7.96875, -7.8515625, -7.1484375, -7.03125, -7.1484375, -7.265625, 8.4375, 8.203125], "L2_m_full": [0.0, 0.3660395676672669, 0.6868346434899462, 1.0524931215731126, 1.3493645801907972, 1.5437587466842073, 1.6549348323788957, 1.726497714262374, 1.749642535925548, 1.757334318130692, 1.7411059658280017, 1.726827350312674, 1.7204966707294442, 1.7043833421964238, 1.6785872695027277, 1.657351362233118, 1.6354858147054012, 1.6281383196949044, 1.6178935312514264, 1.6029069628252162, 1.5914109413185544, 1.5724270406226155, 1.5538128225193144, 1.54269706301712, 1.540933590312158, 1.524915714976132, 1.5050515556525974, 1.4857524728622131, 1.459305439096943, 1.452615707627114, 1.4544905952328209, 1.4449480475098577, 1.4234737697066426, 1.4062285348342405, 1.383067534784773, 1.3020926918643316, 1.2388330692079297, 1.169603133717817, 1.145651401153548, 1.1146592447240784, 1.0970965583937355], "L2_v_full": [2.1876072310734607, 2.178455337254871, 2.102042877215339, 1.9942221795217874, 1.8887947968640664, 1.7874890835586212, 1.6937705814535153, 1.60845773025347, 1.5344570190045037, 1.4705526267732039, 1.4193255702001404, 1.3666545239077617, 1.325489790268452, 1.2956572612113075, 1.2628252121353103, 1.2280105123415206, 1.1955568326808823, 1.17111429240491, 1.1531145938275265, 1.137407721623778, 1.1253081230900028, 1.1111838258314768, 1.0944496378771602, 1.0783177417739178, 1.0646209452757212, 1.0493281812928286, 1.0329399848214202, 1.017050956224151, 1.0021355171527726, 0.9899458904575974, 0.9808648653317805, 0.9724538241480629, 0.9635798620762528, 0.9551807654168584, 0.9480064379919543, 0.9412091001831443, 0.9341764771604038, 0.928235056215166, 0.9246281997795786, 0.9231189343528169, 0.9248274376049185],