{"t": [0.0, 0.25, 0.5, 0.75, 1.0, 1.25, 1.5, 1.75, 2.0, 2.25, 2.5, 2.75, 3.0, 3.25, 3.5, 3.75, 4.0, 4.25, 4.5, 4.75, 5.0, 5.25, 5.5, 5.75, 6.0, 6.25, 6.5, 6.75, 7.0, 7.25, 7.5, 7.75, 8.0, 8.25, 8.5, 8.75, 9.0, 9.25, 9.5, 9.75, 10.0], "v_peak": [0.6, 0.6188147360397315, 0.6289951888333645, 0.6270105214738806, 0.6189399364948943, 0.6079006171407811, 0.5968854356668799, 0.5857767351497417, 0.5743656028035173, 0.5655878764075094, 0.5599249504739108, 0.5428509100377374, 0.542284482979165, 0.5424904803102375, 0.526566688945513, 0.507724499844679, 0.5103219857251868, 0.5132870452785638, 0.514411854460617, 0.5002829057824302, 0.47671356294465966, 0.46718430539811157, 0.4547028553388731, 0.45456257196761796, 0.4636847154014152, 0.4679374615120308, 0.452917341481106, 0.4442847140444078, 0.44052232708418565, 0.430680268982662, 0.4201837595921286, 0.39589249997116877, 0.3749763391166633, 0.3746670225431244, 0.3775226223459305, 0.3687434485720908, 0.36386561740145024, 0.3620934742060363, 0.34982163608923833, 0.35684116114666964, 0.3660859852321402], "u_at_v_peak": [0.18, 0.20561834135523838, 0.2386134395985804, 0.2652980824265236, 0.294964626806401, 0.325732252545806, 0.37892009685701733, 0.40671484029668137, 0.454944879173549, 0.5026710173046591, 0.520779412861132, 0.5251974879111565, 0.5684683032871479, 0.5776499449305104, 0.5718506232675125, 0.5947642160431977, 0.6317824534839955, 0.6652571895411588, 0.6276006766430916, 0.6138672733839596, 0.5956099350523263, 0.6213908787118683, 0.6441471769257167, 0.6740047061711558, 0.6718269652203461, 0.6312217340806873, 0.6164266467188949, 0.6106612878968412, 0.6100225372872977, 0.5763271260586175, 0.5405600059614267, 0.5065508164418885, 0.5551794075578008, 0.5872661603178593, 0.566648472216304, 0.5632455701501615, 0.5636996315354884, 0.5662590421111328, 0.5599608574435235, 0.5886994873468937, 0.5770753449276111], "m_at_v_peak": [0.0, 0.014152502585277116, 0.040795965810820484, 0.06872698540704975, 0.10342130431224911, 0.14096067238573473, 0.20078398520139681, 0.23514764857533604, 0.28999695633162503, 0.34272619433508106, 0.36402143777952634, 0.37785393264675665, 0.4214320730471578, 0.43050198431689424, 0.4332143843139922, 0.465872132171933, 0.5015681889267466, 0.5335253941157595, 0.4952908986382861, 0.48872578047490367, 0.4819820245046303, 0.5122602911067102, 0.5407698335990546, 0.5706911402542479, 0.5643252075719004, 0.5217390001375256, 0.5138595876117386, 0.5119668343300805, 0.5129925769574646, 0.48358437901312845, 0.4522828100489389, 0.42818538067517753, 0.4848757801091334, 0.5170784714271942, 0.49538680702482996, 0.49525970471774244, 0.49750053777201914, 0.500703200079834, 0.49877326890544776, 0.525031680202642, 0.5100658706359178], "ratio_u_v2half_peak": [1.0, 1.0739165935615325, 1.206230344719652, 1.3496291491939993, 1.5399368819834829, 1.7628915240299277, 2.127138025722488, 2.3705863353948016, 2.7581122049626567, 3.1427776652719075, 3.3221876755554067, 3.5644415323677965, 3.866178440234106, 3.9256401687231977, 4.124827877502024, 4.614435566401721, 4.851868231427375, 5.050088229594496, 4.743418711051704, 4.9053855688782235, 5.241757348009276, 5.694012030431866, 6.231028542591542, 6.523874190086887, 6.249450984953823, 5.765491154142974, 6.009986559865058, 6.187392156579166, 6.286950290545861, 6.214255501575093, 6.123438792701367, 6.463957119435398, 7.896881394394166, 8.367082170673463, 7.951659152136957, 8.2847451682446, 8.515216742235154, 8.637812047945019, 9.151543161323831, 9.246423172908738, 8.611847071290132], "L2_m_core50": [0.0, 0.07106899873874938, 0.1206669219994357, 0.17270431678064863, 0.23195227860037954, 0.29069518082383644, 0.3575278317632824, 0.41054034890502605, 0.4688782127614343, 0.5139060121104594, 0.5617124222592776, 0.6062299870915178, 0.63824329282071, 0.663951630331156, 0.6871484188914048, 0.7219984941879033, 0.7414361857958965, 0.7497006867683529, 0.7629625345251508, 0.7791228211044938, 0.7957165468480658, 0.8040543931493656, 0.815917907392907, 0.8235379301978951, 0.8262677084861044, 0.8224933168986641, 0.8275935621837673, 0.830601967097803, 0.8334209365718545, 0.8335539670661165, 0.8326782926200708, 0.8364899642869259, 0.8439573205803409, 0.8453289786129171, 0.8385061851988841, 0.8399182601082901, 0.836439117858965, 0.8330576297843547, 0.8369361331344795, 0.8361804610786244, 0.8288943440103996], "L2_v_core50": [0.9349866460109932, 0.920470093800322, 0.905452607389437, 0.8932143858406207, 0.88322754931662, 0.8701183866548913, 0.8616605951787665, 0.8468435393510053, 0.8322029084490947, 0.8186552009828948, 0.8046864450265568, 0.7981387301391696, 0.7816257564688309, 0.7653286951842206, 0.7533784869219605, 0.752689403839464, 0.743592089061838, 0.7215134603328083, 0.7144078212759182, 0.7081233717870367, 0.7047840533545268, 0.692187251423337, 0.6872636704106999, 0.6807255294269289, 0.6672743866634337, 0.653162350131798, 0.6506408240743135, 0.6418629520910645, 0.6369487931581093, 0.6268125603204853, 0.6178850418047903, 0.6127702954620765, 0.6135528216317145, 0.6075239469326907, 0.5908280802145329, 0.5877988432015409, 0.5787762076489212, 0.5716136616886571, 0.57524511036638, 0.5729247299425222, 0.5612733125170757], "x_peak": [0.0, 0.46875, 0.9375, 1.2890625, 1.640625, 1.9921875, 2.4609375, 2.8125, 3.28125, 3.75, 4.1015625, 4.453125, 4.921875, 5.2734375, 5.625, 6.09375, 6.5625, 7.03125, 7.265625, 7.6171875, 7.96875, 8.4375, 8.90625, 9.375, 9.7265625, 9.9609375, 10.3125, 10.6640625, 11.015625, 11.25, 11.484375, 11.71875, 12.3046875, 12.7734375, 13.0078125, 13.359375, 13.7109375, 14.0625, 14.4140625, 14.8828125, -14.8828125], "L2_m_full": [0.0, 0.09747837775311159, 0.19761186135104372, 0.29404705010584875, 0.3832801912257928, 0.4642580982665336, 0.5369016420518417, 0.6013755072359418, 0.6586234637704496, 0.7083764490069027, 0.7515328130699793, 0.7907135961506758, 0.8234353571285968, 0.8505172232985249, 0.8754350220350535, 0.8981753994399865, 0.9174183241255561, 0.9328714402355396, 0.9459065978756165, 0.9573098978219742, 0.9677575292782579, 0.9762315358872714, 0.9829029585966164, 0.9880245256378792, 0.9910599854850044, 0.9931432871834516, 0.9971657710669235, 1.0008029150058781, 1.0020447490560904, 1.0026113298638952, 1.0019416486937904, 1.0033846830613105, 1.0061780301057706, 1.006397284411053, 1.002912606739446, 0.9995227174801261, 0.9969137835249925, 0.9921808628860442, 0.9890089363894975, 0.9867790140385211, 0.9835845881166334], "L2_v_full": [0.9783276953500696, 0.9765052852352457, 0.9713146660578202, 0.9632784256202618, 0.9529792916653128, 0.9410814309765263, 0.9282615418357586, 0.9151069967106799, 0.9020190731215765, 0.8893244243084141, 0.8769703789693787, 0.8652990164933494, 0.8543061311965067, 0.8433894960924047, 0.8327564705222411, 0.8230355299381586, 0.8141937521947726, 0.80527812043572, 0.795881964567373, 0.7860020790050063, 0.776761757652457, 0.7684166695209194, 0.7607128379001072, 0.7538248750090983, 0.7468740871705379, 0.7389619805076247, 0.7305928428304481, 0.7223804328918855, 0.713866268177283, 0.7051693446261943, 0.6965311692202711, 0.68873038553988, 0.68233336338235, 0.6765725059979681, 0.6707239843167405, 0.6650698365552005, 0.6598685283374569, 0.654767234225555, 0.6501865591621969, 0.6461000596937044, 0.6416557092700486],