{
  "useful": true,
  "diag": {
    "all_finite": true,
    "mass_v0": 3.9999999926838448,
    "mass_vT": 3.9999999926838363,
    "mass_drift_rel": 2.109423750646015e-15,
    "u_max": 11.244282407801558,
    "v_max": 1.9969513439288096,
    "bounded": true,
    "v0_max": 1.9969513439288096,
    "vT_max": 1.3551793830454602,
    "amp_ratio": 0.6786241373208799,
    "n_dominant_peaks_vT": 9,
    "useful": true
  }
}