{
  "useful": true,
  "diag": {
    "all_finite": true,
    "mass_v0": 3.9999999926838448,
    "mass_vT": 3.9999999926838448,
    "mass_drift_rel": 0.0,
    "u_max": 2.3932976037626386,
    "v_max": 1.9969513439139424,
    "bounded": true,
    "v0_max": 1.9969513439139424,
    "vT_max": 1.9969513439139424,
    "amp_ratio": 1.0,
    "n_dominant_peaks_vT": 1,
    "useful": true
  }
}