{
  "useful": false,
  "diag": {
    "all_finite": true,
    "mass_v0": 3.9999999926838448,
    "mass_vT": 3.9999999926838448,
    "mass_drift_rel": 0.0,
    "u_max": 5.528529398231534,
    "v_max": 1.9969513439288096,
    "bounded": true,
    "v0_max": 1.9969513439288096,
    "vT_max": 0.9622033754475846,
    "amp_ratio": 0.48183616409728947,
    "n_dominant_peaks_vT": 4,
    "useful": false,
    "reason": "amp ratio 0.48 < 0.5"
  }
}