{
  "useful": true,
  "diag": {
    "all_finite": true,
    "mass_v0": 2.999997786340916,
    "mass_vT": 2.9999977863409217,
    "mass_drift_rel": 1.924387995996594e-15,
    "u_max": 3.852355530134238,
    "v_max": 1.4985361093968357,
    "bounded": true,
    "vT_max": 0.6299635628436159,
    "vT_min": -0.4526803630244011,
    "n_dominant_peaks_vT": 3,
    "useful": true
  }
}