{
  "useful": false,
  "diag": {
    "all_finite": true,
    "mass_v0": 10.634723105433096,
    "mass_vT": 10.634723105433107,
    "mass_drift_rel": 1.0022020254534359e-15,
    "u_max": 49.25973595671261,
    "v_max": 4.370647589654213,
    "bounded": false,
    "useful": false,
    "reason": "non-finite or unbounded"
  }
}