{
  "useful": true,
  "diag": {
    "all_finite": true,
    "mass_v0": 10.634723105433096,
    "mass_vT": 10.634723105433116,
    "mass_drift_rel": 1.837370379997966e-15,
    "u_max": 4.866937811807902,
    "v_max": 3.9972882460057573,
    "bounded": true,
    "v0_max": 3.9972882460057573,
    "vT_max": 1.8781519448544521,
    "n_dominant_peaks_vT": 10,
    "peak_separations": [
      45,
      33,
      19,
      34,
      21,
      17,
      25,
      13,
      15
    ],
    "useful": true
  }
}