{
  "useful": false,
  "diag": {
    "all_finite": true,
    "mass_v0": 2.9999977863409164,
    "mass_vT": 2.999997786340905,
    "mass_drift_rel": 3.848775991993188e-15,
    "u_max": 11.484606774548265,
    "v_max": 1.584524568274544,
    "bounded": false,
    "useful": false,
    "reason": "non-finite or unbounded"
  }
}