{
  "regime_classification": [
    [
      "transmit",
      "transmit?",
      "transmit?",
      "transmit?",
      "transmit?"
    ],
    [
      "transmit",
      "fission",
      "fission",
      "transmit?",
      "transmit?"
    ],
    [
      "transmit?",
      "transmit?",
      "fission",
      "fission",
      "transmit?"
    ],
    [
      "destruction",
      "reflect",
      "destruction",
      "destruction",
      "transmit?"
    ],
    [
      "destruction",
      "destruction",
      "destruction",
      "destruction",
      "destruction"
    ]
  ],
  "uL_grid": [
    0.2,
    0.4,
    0.6,
    0.8,
    1.0
  ],
  "A_grid": [
    0.2,
    0.5,
    1.0,
    1.5,
    2.0
  ],
  "max_v_T_over_A": [
    [
      0.7256434020637101,
      0.34958367883202573,
      0.2812133706274818,
      0.15459399212294392,
      0.18184171440274438
    ],
    [
      0.7470524870731895,
      0.3859714877064061,
      0.2509768313445832,
      0.2015327293764229,
      0.1545534650762695
    ],
    [
      0.8398954796662228,
      0.40874278344497517,
      0.22898886375381303,
      0.18663063784853393,
      0.17836021003147395
    ],
    [
      0.792055518948982,
      0.5107010809188723,
      0.28139181800979435,
      0.19822142076694682,
      0.18314090557034413
    ],
    [
      0.7458508500019453,
      0.5715188721795872,
      0.3390907869758377,
      0.2467560093190897,
      0.18135789365104024
    ]
  ],
  "n_peaks": [
    [
      1.0,
      3.0,
      4.0,
      5.0,
      5.0
    ],
    [
      1.0,
      2.0,
      4.0,
      4.0,
      6.0
    ],
    [
      1.0,
      2.0,
      3.0,
      4.0,
      5.0
    ],
    [
      1.0,
      1.0,
      3.0,
      4.0,
      5.0
    ],
    [
      1.0,
      1.0,
      1.0,
      4.0,
      5.0
    ]
  ],
  "x_peak_T": [
    [
      1.640625,
      6.5625,
      13.125,
      -11.25,
      -10.078125
    ],
    [
      2.9296875,
      7.6171875,
      14.1796875,
      -14.0625,
      -14.1796875
    ],
    [
      5.15625,
      8.90625,
      2.6953125,
      -13.4765625,
      -12.65625
    ],
    [
      7.3828125,
      10.3125,
      6.9140625,
      6.328125,
      -11.484375
    ],
    [
      9.0234375,
      12.890625,
      13.9453125,
      14.765625,
      -14.8828125
    ]
  ]
}