{
  "E1": {
    "u_max_during_run": 1.0026110694909167,
    "blew_at": 0.001,
    "u_min_final": 0.0,
    "u_max_final": 1.0,
    "N_max_final": 0.9990240729312237,
    "N_min_final": 5.324779067166654e-20,
    "soliton_survives": true,
    "n_peaks_final": 1,
    "bore_position_final": 0.0,
    "TV_u_final": 1.0,
    "u_overshoot_above_1": 0.0,
    "u_undershoot_below_0": 0.0
  },
  "E2": {
    "u_max_during_run": 1.0,
    "blew_at": null,
    "u_min_final": 0.0,
    "u_max_final": 0.9999999999994672,
    "N_max_final": 0.9931531960787595,
    "N_min_final": 6.449026391416539e-10,
    "soliton_survives": true,
    "n_peaks_final": 1,
    "bore_position_final": 3.984375,
    "TV_u_final": 1.9875884654602638,
    "u_overshoot_above_1": 0.0,
    "u_undershoot_below_0": 0.0,
    "psi_mass_initial": 1.9999985242272773,
    "psi_mass_t4": 1.9999990162930728,
    "psi_mass_final": 1.9998590792529432,
    "psi_mass_drift_pre_collision": 1.5059684576160052e-07,
    "collision_t": 4.4
  },
  "E3": {
    "u_max_during_run": 1.0,
    "blew_at": 0.006,
    "u_min_final": 0.0,
    "u_max_final": 1.0,
    "N_max_final": 0.9990240729312237,
    "N_min_final": 5.324779067166654e-20,
    "soliton_survives": true,
    "n_peaks_final": 1,
    "bore_position_final": 0.0,
    "TV_u_final": 1.0,
    "u_overshoot_above_1": 0.0,
    "u_undershoot_below_0": 0.0
  }
}