{
  "useful": true,
  "diag": {
    "all_finite": true,
    "mass_v0": 10.634723105433094,
    "mass_vT": 10.63472310543309,
    "mass_drift_rel": 3.3406734181781203e-16,
    "u_max": 4.877501014511099,
    "v_max": 3.9972882460057573,
    "bounded": true,
    "v0_max": 3.9972882460057573,
    "vT_max": 1.8786537390977887,
    "n_dominant_peaks_vT": 10,
    "peak_separations": [
      45,
      33,
      19,
      34,
      21,
      17,
      25,
      13,
      15
    ],
    "useful": true
  }
}