{
  "useful": false,
  "diag": {
    "all_finite": true,
    "mass_v0": 3.9999999926838457,
    "mass_vT": 3.9999999926838297,
    "mass_drift_rel": 3.9968028959608705e-15,
    "u_max": 2.3932976037626386,
    "v_max": 1.9969513439139424,
    "bounded": true,
    "v0_max": 1.9969513439139424,
    "vT_max": 0.9165478868349636,
    "amp_ratio": 0.45897356970078573,
    "n_dominant_peaks_vT": 6,
    "useful": false,
    "reason": "amp ratio 0.46 < 0.5"
  }
}