{
  "useful": false,
  "diag": {
    "all_finite": true,
    "mass_v0": 3.999999992683844,
    "mass_vT": 3.9999999926838448,
    "mass_drift_rel": 2.220446053311596e-16,
    "u_max": 6.09232304546356,
    "v_max": 1.9969513439139426,
    "bounded": true,
    "v0_max": 1.9969513439139426,
    "vT_max": 0.6432687320553169,
    "amp_ratio": 0.32212539079421765,
    "n_dominant_peaks_vT": 1,
    "useful": false,
    "reason": "amp ratio 0.32 < 0.5"
  }
}