{
  "round": 1,
  "tagA": "A_onmfd",
  "tagB": "B_offmfd",
  "T": 20.0,
  "dt": 0.0005,
  "Nx": 256,
  "L": 30.0,
  "A_m_l2_0": 0.06332933948344639,
  "A_m_l2_T": 1.201714359838149,
  "B_m_l2_0": 0.4789334609732457,
  "B_m_l2_T": 1.1866492637725794,
  "A_lock_0": 0.980855889614405,
  "A_lock_T": 0.293024695323501,
  "B_lock_0": 0.6571978705512876,
  "B_lock_T": 0.35070182395429444,
  "A_eh_v_0": 0.0008869530962638077,
  "A_eh_v_T": 7.517972337920733e-05,
  "B_eh_v_0": 0.0008869530962638077,
  "B_eh_v_T": 0.00011712779323995117
}