{
  "round": 2,
  "T": 20.0,
  "dt": 0.0005,
  "M0": {
    "m_l2_T": 1.1866492637725794,
    "lock_T": 0.35070182395429444,
    "eh_v_T": 0.00011712779323995117,
    "L2_u_T": 1.2042167812488755,
    "L2_v_T": 0.5590641345354546
  },
  "M1": {
    "m_l2_T": 0.4789334609732457,
    "lock_T": 0.6571978705512876,
    "eh_v_T": 0.0008869530962638077,
    "L2_u_T": 0.6110799354103897,
    "L2_v_T": 0.9237604307034013
  },
  "M2": {
    "m_l2_T": 2.608143452742893,
    "lock_T": 0.28453089152307803,
    "eh_v_T": 0.002219427262440139,
    "L2_u_T": 2.6914790897755814,
    "L2_v_T": 1.657040386595703
  }
}