{
  "round": 3,
  "T": 20.0,
  "dt": 0.0005,
  "Nx": 256,
  "ICs": {
    "C": {
      "m_l2_T": 6.916288812883613,
      "lock_T": -0.0290065772516115,
      "L2_u_T": 6.819314713590069,
      "L2_v_T": 2.143491027849802,
      "blew_up": false
    },
    "D": {
      "m_l2_T": 0.7650632703075402,
      "lock_T": 0.5408476117214139,
      "L2_u_T": 0.79783236470336,
      "L2_v_T": 0.6308404359036945,
      "blew_up": false
    },
    "E": {
      "m_l2_T": 1.8497959533456383,
      "lock_T": 0.33894319130921613,
      "L2_u_T": 1.8774904744115357,
      "L2_v_T": 0.794606219856508,
      "blew_up": false
    },
    "F_highHV": {
      "m_l2_T": 0.991893422163611,
      "lock_T": 0.5124726217601805,
      "L2_u_T": 1.0205943543444074,
      "L2_v_T": 0.5514142314736588,
      "blew_up": false,
      "hyper": 1e-20
    }
  }
}